development_role,cruise_fold,forward_role,cruises,grid_month_rows,fco2_rows,sss_rows
grouped_development,0,forward_development,42,11576,11576,10198
grouped_development,0,forward_train,213,33606,33598,27315
grouped_development,0,late_development,40,7859,7859,7859
grouped_development,1,forward_development,44,8419,8419,7461
grouped_development,1,forward_train,173,33280,33270,26876
grouped_development,1,late_development,34,5362,5362,5362
grouped_development,2,forward_development,34,9036,9036,8623
grouped_development,2,forward_train,212,33264,33246,29951
grouped_development,2,late_development,45,8372,8372,8371
grouped_development,3,forward_development,23,4769,4769,4769
grouped_development,3,forward_train,182,33966,33963,27042
grouped_development,3,late_development,42,10126,10123,10086
grouped_development,4,forward_development,38,7301,7301,6994
grouped_development,4,forward_train,177,31405,31401,25430
grouped_development,4,late_development,41,6449,6449,6449
train,0,forward_development,113,21958,21918,19913
train,0,forward_train,713,125112,125107,96606
train,0,late_development,161,28314,28314,27961
train,1,forward_development,121,29110,29103,28439
train,1,forward_train,733,126652,126649,102656
train,1,late_development,170,29928,29928,29784
train,2,forward_development,124,24714,24711,23008
train,2,forward_train,773,132901,132895,105533
train,2,late_development,154,29900,29887,29896
train,3,forward_development,145,29586,29583,27123
train,3,forward_train,768,133607,133584,109206
train,3,late_development,120,24657,24657,24655
train,3,provisional_2026,1,655,655,655
train,4,forward_development,134,23156,23152,21923
train,4,forward_train,800,144528,144525,114846
train,4,late_development,166,36675,36673,36527
