latitude_bin,longitude_bin,grid_month_rows,cruises
-32.0,-76.0,1,1
-32.0,-74.0,3,3
-32.0,-72.0,2,2
-32.0,-52.0,1,1
-32.0,-50.0,11,8
-32.0,-48.0,7,5
-32.0,-46.0,1,1
-32.0,10.0,2,2
-32.0,12.0,12,7
-32.0,14.0,49,26
-32.0,16.0,4,4
-32.0,30.0,23,12
-32.0,32.0,7,2
-32.0,34.0,1,1
-32.0,36.0,1,1
-32.0,110.0,2,1
-32.0,112.0,23,8
-32.0,114.0,10,9
-32.0,152.0,161,144
-32.0,154.0,33,8
-32.0,156.0,18,3
-30.0,-76.0,8,1
-30.0,-74.0,47,3
-30.0,-72.0,18,1
-30.0,-52.0,1,1
-30.0,-50.0,107,6
-30.0,-48.0,188,10
-30.0,-46.0,89,12
-30.0,10.0,136,14
-30.0,12.0,597,34
-30.0,14.0,330,28
-30.0,16.0,56,4
-30.0,30.0,92,13
-30.0,32.0,90,5
-30.0,34.0,49,3
-30.0,36.0,3,3
-30.0,110.0,142,7
-30.0,112.0,338,15
-30.0,114.0,111,11
-30.0,152.0,2409,159
-30.0,154.0,318,20
-30.0,156.0,46,5
-28.0,-76.0,18,3
-28.0,-74.0,51,3
-28.0,-72.0,17,1
-28.0,-50.0,49,3
-28.0,-48.0,101,7
-28.0,-46.0,154,13
-28.0,-44.0,49,7
-28.0,10.0,384,27
-28.0,12.0,347,22
-28.0,32.0,24,3
-28.0,34.0,45,3
-28.0,40.0,3,1
-28.0,42.0,57,3
-28.0,44.0,68,4
-28.0,46.0,34,3
-28.0,48.0,15,1
-28.0,108.0,4,1
-28.0,110.0,61,6
-28.0,112.0,188,11
-28.0,152.0,3043,293
-28.0,154.0,720,22
-28.0,156.0,59,5
-26.0,-76.0,5,1
-26.0,-74.0,29,2
-26.0,-72.0,13,1
-26.0,-48.0,47,4
-26.0,-46.0,108,7
-26.0,-44.0,183,15
-26.0,-42.0,124,9
-26.0,-40.0,11,2
-26.0,10.0,450,24
-26.0,34.0,42,3
-26.0,36.0,46,3
-26.0,38.0,16,2
-26.0,40.0,74,6
-26.0,42.0,87,5
-26.0,44.0,66,5
-26.0,46.0,115,6
-26.0,48.0,101,5
-26.0,50.0,29,4
-26.0,110.0,92,6
-26.0,112.0,180,13
-26.0,152.0,2184,154
-26.0,154.0,483,63
-26.0,156.0,53,8
-24.0,-76.0,13,2
-24.0,-74.0,28,2
-24.0,-48.0,2,1
-24.0,-46.0,109,9
-24.0,-44.0,638,47
-24.0,-42.0,931,64
-24.0,-40.0,161,12
-24.0,-38.0,10,3
-24.0,8.0,8,2
-24.0,10.0,4,1
-24.0,36.0,20,1
-24.0,38.0,2,1
-24.0,40.0,52,3
-24.0,42.0,13,1
-24.0,46.0,7,1
-24.0,48.0,15,2
-24.0,50.0,53,4
-24.0,110.0,87,6
-24.0,112.0,254,13
-24.0,150.0,489,41
-24.0,152.0,1235,106
-24.0,154.0,1224,115
-22.0,-76.0,20,4
-22.0,-74.0,38,3
-22.0,-72.0,67,2
-22.0,-42.0,384,52
-22.0,-40.0,1000,63
-22.0,-38.0,86,6
-22.0,8.0,13,2
-22.0,38.0,36,1
-22.0,40.0,39,2
-22.0,48.0,16,1
-22.0,110.0,66,6
-22.0,112.0,149,12
-22.0,114.0,168,6
-22.0,116.0,80,4
-22.0,118.0,5,3
-22.0,148.0,228,18
-22.0,150.0,332,20
-22.0,152.0,430,50
-22.0,154.0,819,127
-20.0,-78.0,24,4
-20.0,-76.0,76,7
-20.0,-74.0,72,5
-20.0,-72.0,74,4
-20.0,-40.0,1111,57
-20.0,-38.0,223,18
-20.0,-36.0,1,1
-20.0,6.0,3,1
-20.0,8.0,14,1
-20.0,40.0,36,2
-20.0,42.0,3,1
-20.0,48.0,29,2
-20.0,50.0,48,2
-20.0,52.0,15,2
-20.0,112.0,9,3
-20.0,114.0,72,5
-20.0,116.0,97,4
-20.0,118.0,96,4
-20.0,120.0,55,4
-20.0,146.0,408,20
-20.0,148.0,339,22
-20.0,150.0,94,5
-20.0,152.0,7,1
-18.0,-80.0,32,4
-18.0,-78.0,22,2
-18.0,-40.0,167,50
-18.0,-38.0,1054,65
-18.0,-36.0,29,7
-18.0,6.0,18,1
-18.0,40.0,8,1
-18.0,42.0,32,2
-18.0,52.0,13,1
-18.0,116.0,1,1
-18.0,118.0,1,1
-18.0,120.0,122,5
-18.0,122.0,20,3
-18.0,144.0,161,19
-18.0,146.0,394,24
-18.0,148.0,21,4
-18.0,150.0,13,1
-16.0,-82.0,13,4
-16.0,-80.0,23,4
-16.0,-78.0,1,1
-16.0,-40.0,53,3
-16.0,-38.0,1080,58
-16.0,-36.0,52,10
-16.0,6.0,4,1
-16.0,42.0,44,2
-16.0,44.0,3,1
-16.0,52.0,42,3
-16.0,54.0,3,2
-16.0,118.0,11,3
-16.0,120.0,126,5
-16.0,122.0,97,4
-16.0,124.0,8,1
-16.0,142.0,1,1
-16.0,144.0,485,19
-16.0,146.0,70,7
-16.0,148.0,2,1
-16.0,150.0,1,1
-14.0,-82.0,35,4
-14.0,-80.0,6,1
-14.0,-78.0,2,1
-14.0,-40.0,49,5
-14.0,-38.0,472,56
-14.0,-36.0,747,59
-14.0,-34.0,8,6
-14.0,42.0,3,1
-14.0,44.0,74,3
-14.0,46.0,13,3
-14.0,48.0,15,3
-14.0,50.0,45,3
-14.0,52.0,40,3
-14.0,114.0,4,3
-14.0,120.0,70,5
-14.0,122.0,123,6
-14.0,124.0,119,6
-14.0,126.0,92,6
-14.0,128.0,72,4
-14.0,130.0,76,8
-14.0,136.0,3,2
-14.0,140.0,76,12
-14.0,142.0,232,16
-14.0,144.0,223,20
-14.0,146.0,27,3
-14.0,148.0,26,2
-14.0,150.0,44,3
-14.0,152.0,216,21
-12.0,-84.0,2,1
-12.0,-82.0,20,1
-12.0,-80.0,16,1
-12.0,-78.0,4,1
-12.0,-38.0,98,6
-12.0,-36.0,1195,66
-12.0,-34.0,227,18
-12.0,8.0,3,1
-12.0,46.0,56,4
-12.0,48.0,68,4
-12.0,50.0,23,2
-12.0,52.0,9,1
-12.0,104.0,10,2
-12.0,106.0,41,3
-12.0,108.0,33,2
-12.0,110.0,1,1
-12.0,114.0,36,2
-12.0,126.0,9,1
-12.0,128.0,48,6
-12.0,130.0,166,8
-12.0,132.0,147,8
-12.0,134.0,106,7
-12.0,136.0,136,9
-12.0,138.0,148,9
-12.0,140.0,334,21
-12.0,142.0,389,20
-12.0,144.0,103,6
-12.0,146.0,43,4
-12.0,148.0,38,2
-12.0,150.0,46,6
-12.0,152.0,297,21
-10.0,-86.0,1,1
-10.0,-84.0,11,4
-10.0,-82.0,35,2
-10.0,-80.0,1,1
-10.0,-36.0,775,57
-10.0,-34.0,666,44
-10.0,-32.0,9,5
-10.0,8.0,19,1
-10.0,46.0,11,1
-10.0,102.0,32,3
-10.0,104.0,61,4
-10.0,106.0,41,3
-10.0,108.0,17,1
-10.0,110.0,18,1
-10.0,112.0,17,1
-10.0,114.0,58,3
-10.0,116.0,2,2
-10.0,142.0,68,7
-10.0,144.0,111,8
-10.0,146.0,14,2
-10.0,150.0,59,3
-10.0,152.0,387,114
-10.0,154.0,45,44
-8.0,-86.0,79,6
-8.0,-84.0,24,5
-8.0,-82.0,8,1
-8.0,-36.0,236,30
-8.0,-34.0,1097,68
-8.0,-32.0,18,12
-8.0,8.0,3,2
-8.0,100.0,14,1
-8.0,102.0,25,2
-8.0,104.0,22,1
-8.0,106.0,11,1
-8.0,116.0,63,3
-8.0,146.0,7,4
-8.0,148.0,77,4
-8.0,150.0,34,4
-8.0,152.0,2224,153
-8.0,154.0,2193,181
-6.0,-86.0,55,5
-6.0,-84.0,76,4
-6.0,-38.0,47,5
-6.0,-36.0,215,12
-6.0,-34.0,687,56
-6.0,-32.0,33,19
-6.0,6.0,14,2
-6.0,8.0,33,2
-6.0,10.0,25,1
-6.0,38.0,1,1
-6.0,40.0,16,1
-6.0,42.0,9,1
-6.0,100.0,25,1
-6.0,102.0,6,1
-6.0,116.0,65,3
-6.0,118.0,5,2
-6.0,144.0,10,1
-6.0,146.0,80,4
-6.0,152.0,4310,307
-6.0,154.0,981,159
-6.0,156.0,59,6
-4.0,-86.0,23,2
-4.0,-84.0,36,4
-4.0,-82.0,17,2
-4.0,-44.0,5,1
-4.0,-42.0,27,2
-4.0,-40.0,120,9
-4.0,-38.0,149,9
-4.0,-36.0,85,8
-4.0,-34.0,73,11
-4.0,4.0,11,1
-4.0,6.0,8,1
-4.0,8.0,16,1
-4.0,10.0,10,1
-4.0,38.0,1,1
-4.0,98.0,22,1
-4.0,100.0,6,1
-4.0,118.0,57,3
-4.0,140.0,42,6
-4.0,142.0,38,7
-4.0,144.0,74,5
-4.0,146.0,56,4
-4.0,148.0,7,1
-4.0,150.0,23,3
-4.0,152.0,5368,310
-4.0,154.0,90,7
-4.0,156.0,75,7
-2.0,-86.0,45,5
-2.0,-84.0,35,2
-2.0,-82.0,66,4
-2.0,-52.0,1,1
-2.0,-50.0,23,1
-2.0,-48.0,4,1
-2.0,-46.0,19,2
-2.0,-44.0,36,3
-2.0,-42.0,97,5
-2.0,-40.0,76,5
-2.0,-38.0,53,4
-2.0,-36.0,30,5
-2.0,6.0,24,1
-2.0,8.0,16,1
-2.0,96.0,15,1
-2.0,98.0,9,1
-2.0,118.0,55,3
-2.0,136.0,2,1
-2.0,138.0,72,5
-2.0,140.0,139,14
-2.0,142.0,773,36
-2.0,144.0,184,16
-2.0,146.0,56,13
-2.0,148.0,3,1
-2.0,150.0,1693,223
-2.0,152.0,3142,311
-2.0,154.0,70,8
0.0,-86.0,23,3
0.0,-84.0,28,3
0.0,-82.0,36,2
0.0,-52.0,21,1
0.0,-50.0,31,2
0.0,-48.0,64,2
0.0,-46.0,43,4
0.0,-44.0,48,5
0.0,-42.0,43,6
0.0,-40.0,12,2
0.0,-12.0,37,7
0.0,-10.0,11,2
0.0,-4.0,4,1
0.0,-2.0,1,1
0.0,2.0,2,1
0.0,6.0,18,1
0.0,94.0,2,1
0.0,96.0,22,1
0.0,118.0,42,3
0.0,120.0,53,4
0.0,122.0,11,2
0.0,124.0,6,1
0.0,126.0,12,1
0.0,128.0,10,1
0.0,130.0,9,1
0.0,132.0,8,1
0.0,134.0,38,2
0.0,136.0,45,5
0.0,138.0,159,11
0.0,140.0,103,15
0.0,142.0,474,44
2.0,-84.0,50,3
2.0,-82.0,29,4
2.0,-52.0,23,2
2.0,-50.0,79,4
2.0,-48.0,18,3
2.0,-14.0,45,9
2.0,-12.0,231,8
2.0,-10.0,17,1
2.0,-8.0,16,1
2.0,-6.0,16,1
2.0,-4.0,33,2
2.0,-2.0,38,2
2.0,0.0,25,2
2.0,2.0,47,2
2.0,4.0,19,2
2.0,6.0,24,2
2.0,78.0,4,2
2.0,80.0,42,4
2.0,82.0,23,3
2.0,84.0,3,2
2.0,92.0,16,2
2.0,94.0,22,1
2.0,118.0,13,1
2.0,120.0,49,3
2.0,122.0,89,4
2.0,124.0,54,2
2.0,126.0,50,2
2.0,128.0,54,3
2.0,130.0,21,2
2.0,132.0,11,1
2.0,134.0,5,1
4.0,-86.0,125,17
4.0,-84.0,93,15
4.0,-82.0,95,5
4.0,-80.0,7,2
4.0,-54.0,274,39
4.0,-52.0,160,34
4.0,-50.0,52,3
4.0,-48.0,2,1
4.0,-18.0,2,2
4.0,-16.0,40,3
4.0,-14.0,323,10
4.0,-12.0,22,1
4.0,-10.0,2,1
4.0,-4.0,14,1
4.0,-2.0,7,1
4.0,0.0,8,1
4.0,2.0,48,1
4.0,4.0,22,1
4.0,48.0,20,1
4.0,50.0,27,2
4.0,52.0,14,3
4.0,74.0,17,3
4.0,76.0,73,3
4.0,78.0,46,4
4.0,80.0,59,4
4.0,84.0,10,2
4.0,92.0,8,1
4.0,94.0,18,1
4.0,122.0,19,3
4.0,124.0,76,4
4.0,126.0,90,5
4.0,128.0,33,3
4.0,130.0,19,3
6.0,-90.0,43,10
6.0,-88.0,204,23
6.0,-86.0,691,49
6.0,-84.0,1741,123
6.0,-82.0,1500,103
6.0,-80.0,596,74
6.0,-60.0,10,1
6.0,-58.0,37,2
6.0,-56.0,73,4
6.0,-54.0,167,17
6.0,-52.0,1135,51
6.0,-50.0,18,5
6.0,-18.0,24,4
6.0,-16.0,294,12
6.0,-14.0,57,8
6.0,2.0,5,1
6.0,48.0,11,1
6.0,50.0,42,3
6.0,52.0,3,1
6.0,72.0,23,4
6.0,74.0,72,4
6.0,76.0,11,2
6.0,78.0,86,5
6.0,80.0,6,1
6.0,82.0,15,1
6.0,94.0,10,1
6.0,96.0,3,1
6.0,98.0,5,1
6.0,116.0,1,1
6.0,126.0,93,5
6.0,128.0,64,3
6.0,130.0,13,3
8.0,-92.0,11,6
8.0,-90.0,461,44
8.0,-88.0,1242,111
8.0,-86.0,1730,104
8.0,-84.0,466,86
8.0,-82.0,278,16
8.0,-80.0,828,79
8.0,-78.0,12,1
8.0,-62.0,6,2
8.0,-60.0,51,2
8.0,-58.0,14,2
8.0,-56.0,119,7
8.0,-54.0,126,10
8.0,-52.0,42,7
8.0,-20.0,4,3
8.0,-18.0,179,11
8.0,-16.0,191,10
8.0,50.0,100,5
8.0,52.0,95,3
8.0,54.0,23,3
8.0,72.0,9,1
8.0,74.0,10,1
8.0,76.0,14,1
8.0,80.0,13,1
8.0,82.0,30,1
8.0,84.0,4,2
8.0,94.0,8,1
8.0,96.0,27,2
8.0,116.0,8,1
8.0,118.0,26,1
8.0,120.0,30,1
8.0,122.0,16,1
8.0,126.0,42,3
8.0,128.0,12,1
8.0,130.0,1,1
10.0,-96.0,93,21
10.0,-94.0,185,26
10.0,-92.0,735,59
10.0,-90.0,1427,84
10.0,-88.0,853,73
10.0,-86.0,7,2
10.0,-84.0,334,18
10.0,-82.0,109,9
10.0,-80.0,1131,80
10.0,-78.0,546,23
10.0,-76.0,229,19
10.0,-70.0,162,22
10.0,-68.0,8,1
10.0,-66.0,25,2
10.0,-64.0,513,22
10.0,-62.0,289,22
10.0,-60.0,63,7
10.0,-58.0,55,7
10.0,-22.0,15,3
10.0,-20.0,66,3
10.0,-18.0,329,11
10.0,42.0,11,1
10.0,44.0,17,1
10.0,46.0,12,1
10.0,50.0,38,3
10.0,52.0,82,3
10.0,54.0,64,4
10.0,56.0,13,1
10.0,82.0,5,1
10.0,84.0,4,1
10.0,118.0,5,1
10.0,120.0,24,1
10.0,126.0,50,3
10.0,128.0,4,1
12.0,-104.0,2,2
12.0,-102.0,96,16
12.0,-100.0,273,20
12.0,-98.0,216,25
12.0,-96.0,873,83
12.0,-94.0,1290,78
12.0,-92.0,897,64
12.0,-90.0,91,24
12.0,-84.0,167,15
12.0,-82.0,268,23
12.0,-80.0,456,54
12.0,-78.0,797,72
12.0,-76.0,108,6
12.0,-74.0,56,21
12.0,-72.0,712,32
12.0,-70.0,1125,51
12.0,-68.0,608,23
12.0,-66.0,596,24
12.0,-64.0,156,24
12.0,-62.0,687,49
12.0,-60.0,532,60
12.0,-22.0,45,5
12.0,-20.0,27,2
12.0,-18.0,239,11
12.0,42.0,28,2
12.0,44.0,34,1
12.0,46.0,31,2
12.0,48.0,47,2
12.0,50.0,78,3
12.0,52.0,2,1
12.0,54.0,45,3
12.0,56.0,56,4
12.0,90.0,1,1
12.0,120.0,1,1
12.0,122.0,20,1
12.0,124.0,17,1
12.0,126.0,38,4
12.0,128.0,5,1
14.0,-108.0,11,6
14.0,-106.0,121,14
14.0,-104.0,209,16
14.0,-102.0,459,40
14.0,-100.0,1052,84
14.0,-98.0,1288,78
14.0,-96.0,704,64
14.0,-94.0,63,8
14.0,-84.0,1,1
14.0,-82.0,359,19
14.0,-80.0,276,23
14.0,-78.0,542,54
14.0,-76.0,207,19
14.0,-74.0,1054,53
14.0,-72.0,1302,52
14.0,-70.0,512,22
14.0,-68.0,38,6
14.0,-66.0,72,8
14.0,-64.0,6,3
14.0,-22.0,133,14
14.0,-20.0,48,4
14.0,-18.0,246,11
14.0,40.0,11,1
14.0,42.0,11,1
14.0,50.0,44,3
14.0,52.0,58,3
14.0,54.0,37,3
14.0,56.0,64,5
14.0,68.0,1,1
14.0,90.0,17,1
14.0,92.0,4,1
14.0,118.0,7,1
14.0,126.0,44,3
14.0,128.0,2,1
16.0,-110.0,3,2
16.0,-108.0,186,14
16.0,-106.0,386,28
16.0,-104.0,1290,87
16.0,-102.0,1403,83
16.0,-100.0,512,51
16.0,-90.0,2,2
16.0,-88.0,1379,86
16.0,-86.0,124,13
16.0,-84.0,347,20
16.0,-82.0,277,25
16.0,-80.0,460,54
16.0,-78.0,1095,90
16.0,-76.0,1666,103
16.0,-74.0,890,47
16.0,-72.0,83,9
16.0,-70.0,167,13
16.0,-68.0,376,21
16.0,-66.0,431,45
16.0,-64.0,1254,120
16.0,-22.0,171,15
16.0,-20.0,113,15
16.0,-18.0,272,12
16.0,38.0,3,1
16.0,40.0,23,1
16.0,52.0,4,1
16.0,54.0,59,3
16.0,56.0,267,8
16.0,58.0,264,10
16.0,60.0,99,10
16.0,68.0,21,2
16.0,88.0,2,2
16.0,90.0,22,1
16.0,92.0,13,1
16.0,118.0,13,1
16.0,120.0,4,1
16.0,126.0,23,2
18.0,-114.0,1,1
18.0,-112.0,17,7
18.0,-110.0,346,33
18.0,-108.0,1028,82
18.0,-106.0,1364,86
18.0,-104.0,318,58
18.0,-98.0,24,7
18.0,-96.0,167,11
18.0,-94.0,46,2
18.0,-88.0,4688,153
18.0,-86.0,358,36
18.0,-84.0,3031,227
18.0,-82.0,3696,238
18.0,-80.0,2166,121
18.0,-78.0,1806,102
18.0,-76.0,3674,185
18.0,-74.0,1145,237
18.0,-72.0,398,116
18.0,-70.0,2929,159
18.0,-68.0,9895,409
18.0,-66.0,11380,403
18.0,-64.0,4987,326
18.0,-22.0,122,31
18.0,-20.0,648,37
18.0,-18.0,451,14
18.0,38.0,23,1
18.0,56.0,158,13
18.0,58.0,351,15
18.0,60.0,57,4
18.0,62.0,1,1
18.0,66.0,30,6
18.0,68.0,3,1
18.0,88.0,5,2
18.0,90.0,25,2
18.0,92.0,22,1
18.0,120.0,16,1
18.0,126.0,9,2
20.0,-116.0,23,15
20.0,-114.0,312,33
20.0,-112.0,844,63
20.0,-110.0,1180,79
20.0,-108.0,489,47
20.0,-106.0,15,2
20.0,-98.0,118,8
20.0,-96.0,119,13
20.0,-94.0,305,13
20.0,-92.0,152,14
20.0,-90.0,11,2
20.0,-88.0,4719,254
20.0,-86.0,8055,302
20.0,-84.0,3523,223
20.0,-82.0,127,11
20.0,-80.0,21,6
20.0,-78.0,1816,162
20.0,-76.0,3852,221
20.0,-74.0,5419,312
20.0,-72.0,5263,431
20.0,-70.0,9762,350
20.0,-68.0,5242,339
20.0,-66.0,906,177
20.0,-64.0,352,47
20.0,-22.0,207,18
20.0,-20.0,680,39
20.0,-18.0,345,25
20.0,36.0,12,1
20.0,38.0,11,1
20.0,58.0,220,12
20.0,60.0,170,9
20.0,62.0,24,4
20.0,64.0,8,1
20.0,88.0,1,1
20.0,90.0,1,1
20.0,120.0,36,3
20.0,122.0,16,3
22.0,-118.0,19,9
22.0,-116.0,623,53
22.0,-114.0,947,68
22.0,-112.0,783,57
22.0,-110.0,105,21
22.0,-108.0,18,1
22.0,-98.0,261,13
22.0,-96.0,82,4
22.0,-94.0,60,4
22.0,-92.0,222,17
22.0,-90.0,400,28
22.0,-88.0,850,38
22.0,-86.0,6233,306
22.0,-84.0,7260,291
22.0,-82.0,1405,221
22.0,-80.0,3188,163
22.0,-78.0,1844,165
22.0,-76.0,723,47
22.0,-74.0,7393,388
22.0,-72.0,7326,310
22.0,-70.0,1235,237
22.0,-68.0,21,9
22.0,-22.0,291,26
22.0,-20.0,415,39
22.0,-18.0,870,45
22.0,36.0,22,1
22.0,58.0,176,11
22.0,60.0,246,13
22.0,62.0,17,3
22.0,114.0,23,3
22.0,116.0,69,3
22.0,118.0,41,3
22.0,120.0,17,2
22.0,122.0,47,3
22.0,124.0,20,3
24.0,-120.0,19,12
24.0,-118.0,451,41
24.0,-116.0,838,58
24.0,-114.0,363,32
24.0,-112.0,16,4
24.0,-110.0,44,1
24.0,-98.0,99,8
24.0,-96.0,123,8
24.0,-94.0,5,4
24.0,-92.0,87,17
24.0,-90.0,239,18
24.0,-88.0,298,35
24.0,-86.0,1384,60
24.0,-84.0,3022,215
24.0,-82.0,12365,575
24.0,-80.0,7087,633
24.0,-78.0,5324,397
24.0,-76.0,223,38
24.0,-22.0,38,10
24.0,-20.0,518,33
24.0,-18.0,1154,65
24.0,-16.0,265,26
24.0,34.0,15,1
24.0,36.0,6,1
24.0,56.0,58,2
24.0,58.0,26,3
24.0,118.0,23,2
24.0,120.0,36,2
24.0,122.0,1,1
24.0,124.0,67,3
26.0,-120.0,266,40
26.0,-118.0,372,29
26.0,-116.0,471,27
26.0,-114.0,26,4
26.0,-112.0,25,1
26.0,-110.0,6,1
26.0,-98.0,611,24
26.0,-96.0,1151,45
26.0,-94.0,1268,57
26.0,-92.0,1299,67
26.0,-90.0,1121,61
26.0,-88.0,1098,63
26.0,-86.0,2130,86
26.0,-84.0,2435,73
26.0,-82.0,609,328
26.0,-80.0,11375,602
26.0,-78.0,1606,403
26.0,-20.0,92,16
26.0,-18.0,640,48
26.0,-16.0,1202,66
26.0,-14.0,157,29
26.0,32.0,3,1
26.0,34.0,21,1
26.0,56.0,4,1
26.0,120.0,12,2
26.0,122.0,54,3
26.0,124.0,47,5
26.0,128.0,35,25
26.0,130.0,23,15
26.0,132.0,13,6
28.0,-122.0,12,4
28.0,-120.0,432,35
28.0,-118.0,350,24
28.0,-116.0,113,17
28.0,-98.0,109,18
28.0,-96.0,1029,45
28.0,-94.0,1383,47
28.0,-92.0,1372,67
28.0,-90.0,2826,115
28.0,-88.0,3489,97
28.0,-86.0,2022,66
28.0,-84.0,515,34
28.0,-82.0,675,58
28.0,-80.0,1551,100
28.0,-78.0,335,40
28.0,-18.0,201,24
28.0,-16.0,1387,59
28.0,-14.0,1191,42
28.0,-12.0,18,4
28.0,32.0,16,1
28.0,122.0,13,1
28.0,124.0,28,4
28.0,126.0,90,12
28.0,128.0,1105,68
28.0,130.0,1253,82
28.0,132.0,702,51
28.0,134.0,252,64
30.0,-124.0,194,36
30.0,-122.0,680,55
30.0,-120.0,601,54
30.0,-118.0,440,30
30.0,-90.0,437,83
30.0,-88.0,488,51
30.0,-86.0,45,17
30.0,-82.0,1183,66
30.0,-80.0,1619,88
30.0,-78.0,614,42
30.0,-76.0,83,21
30.0,-18.0,11,3
30.0,-16.0,625,40
30.0,-14.0,581,49
30.0,-12.0,1278,40
30.0,-10.0,30,4
30.0,30.0,5,1
30.0,32.0,3,1
30.0,122.0,13,2
30.0,124.0,10,1
30.0,126.0,325,21
30.0,128.0,1312,43
30.0,130.0,1942,91
30.0,132.0,1606,108
30.0,134.0,2063,189
30.0,136.0,3621,294
30.0,138.0,627,89
30.0,140.0,251,207
30.0,142.0,29,21
32.0,-126.0,194,30
32.0,-124.0,1128,70
32.0,-122.0,1318,81
32.0,-120.0,2444,129
32.0,-118.0,641,75
32.0,-82.0,99,24
32.0,-80.0,1460,86
32.0,-78.0,1896,80
32.0,-76.0,796,67
32.0,-74.0,419,89
32.0,-16.0,109,25
32.0,-14.0,672,40
32.0,-12.0,680,53
32.0,-10.0,1264,41
32.0,-8.0,5,2
32.0,20.0,2,1
32.0,22.0,3,1
32.0,26.0,19,1
32.0,28.0,20,1
32.0,30.0,11,1
32.0,122.0,12,2
32.0,124.0,36,2
32.0,126.0,133,8
32.0,128.0,740,35
32.0,130.0,138,31
32.0,132.0,1704,95
32.0,134.0,5477,333
32.0,136.0,5373,343
32.0,138.0,3690,320
32.0,140.0,6494,444
32.0,142.0,2191,234
32.0,144.0,45,29
34.0,-128.0,100,26
34.0,-126.0,795,67
34.0,-124.0,1313,87
34.0,-122.0,2073,99
34.0,-120.0,454,47
34.0,-78.0,381,46
34.0,-76.0,3108,122
34.0,-74.0,1580,118
34.0,-72.0,2,2
34.0,-14.0,396,45
34.0,-12.0,452,31
34.0,-10.0,772,65
34.0,-8.0,1858,76
34.0,-6.0,406,65
34.0,-4.0,13,2
34.0,14.0,22,9
34.0,16.0,21,1
34.0,18.0,37,1
34.0,20.0,53,3
34.0,22.0,88,7
34.0,24.0,81,8
34.0,26.0,3,2
34.0,124.0,23,4
34.0,126.0,35,4
34.0,128.0,171,24
34.0,130.0,587,31
34.0,132.0,219,23
34.0,134.0,557,168
34.0,136.0,3251,499
34.0,138.0,10429,813
34.0,140.0,9204,639
34.0,142.0,4246,338
34.0,144.0,1301,217
36.0,-130.0,3,2
36.0,-128.0,656,55
36.0,-126.0,973,76
36.0,-124.0,2477,111
36.0,-122.0,128,14
36.0,-78.0,109,28
36.0,-76.0,5204,144
36.0,-74.0,2983,213
36.0,-72.0,944,215
36.0,-70.0,7,7
36.0,-14.0,769,49
36.0,-12.0,460,37
36.0,-10.0,1061,50
36.0,-8.0,891,53
36.0,-6.0,1009,72
36.0,-4.0,912,47
36.0,-2.0,1092,46
36.0,0.0,314,23
36.0,2.0,197,12
36.0,4.0,150,11
36.0,6.0,17,1
36.0,8.0,27,4
36.0,10.0,122,8
36.0,12.0,163,8
36.0,14.0,353,22
36.0,16.0,355,20
36.0,18.0,288,15
36.0,20.0,343,18
36.0,22.0,438,21
36.0,24.0,632,20
36.0,26.0,334,14
36.0,28.0,13,4
36.0,124.0,5,4
36.0,126.0,9,3
36.0,128.0,3,1
36.0,130.0,131,8
36.0,132.0,324,24
36.0,134.0,860,33
36.0,136.0,281,22
36.0,138.0,53,11
36.0,140.0,2638,200
36.0,142.0,4307,281
36.0,144.0,2806,222
36.0,146.0,56,32
38.0,-130.0,95,14
38.0,-128.0,252,16
38.0,-126.0,725,54
38.0,-124.0,661,42
38.0,-78.0,46,5
38.0,-76.0,2129,108
38.0,-74.0,11204,385
38.0,-72.0,5238,262
38.0,-70.0,864,67
38.0,-68.0,122,23
38.0,-14.0,745,55
38.0,-12.0,846,50
38.0,-10.0,523,41
38.0,-2.0,132,24
38.0,0.0,833,34
38.0,2.0,413,22
38.0,4.0,188,24
38.0,6.0,260,15
38.0,8.0,312,19
38.0,10.0,125,14
38.0,12.0,121,8
38.0,14.0,514,22
38.0,16.0,90,5
38.0,18.0,164,6
38.0,20.0,58,5
38.0,24.0,190,9
38.0,26.0,49,7
38.0,130.0,12,2
38.0,132.0,39,3
38.0,134.0,795,33
38.0,136.0,987,35
38.0,138.0,291,21
38.0,140.0,1202,132
38.0,142.0,4410,229
38.0,144.0,2852,198
38.0,146.0,974,173
40.0,-130.0,144,12
40.0,-128.0,331,19
40.0,-126.0,1685,52
40.0,-76.0,2,2
40.0,-74.0,5214,364
40.0,-72.0,8140,249
40.0,-70.0,6985,188
40.0,-68.0,4715,144
40.0,-66.0,794,69
40.0,-64.0,123,10
40.0,-62.0,59,6
40.0,-60.0,20,4
40.0,-16.0,6,4
40.0,-14.0,521,41
40.0,-12.0,1205,73
40.0,-10.0,542,37
40.0,0.0,233,22
40.0,2.0,852,48
40.0,4.0,509,36
40.0,6.0,189,13
40.0,8.0,141,10
40.0,10.0,304,30
40.0,12.0,568,25
40.0,14.0,220,22
40.0,16.0,14,2
40.0,18.0,211,6
40.0,24.0,9,4
40.0,26.0,142,7
40.0,28.0,71,7
40.0,134.0,39,5
40.0,136.0,671,29
40.0,138.0,1079,49
40.0,140.0,3130,178
40.0,142.0,4347,227
40.0,144.0,3627,179
40.0,146.0,2749,161
40.0,148.0,335,41
40.0,150.0,7,5
42.0,-130.0,221,19
42.0,-128.0,511,28
42.0,-126.0,1679,64
42.0,-72.0,4209,361
42.0,-70.0,6299,308
42.0,-68.0,4424,150
42.0,-66.0,1916,123
42.0,-64.0,477,52
42.0,-62.0,309,21
42.0,-60.0,243,19
42.0,-58.0,104,14
42.0,-56.0,81,7
42.0,-54.0,49,5
42.0,-52.0,57,8
42.0,-50.0,1,1
42.0,-16.0,63,22
42.0,-14.0,416,30
42.0,-12.0,1398,87
42.0,-10.0,1512,89
42.0,-8.0,25,4
42.0,-4.0,1,1
42.0,-2.0,11,2
42.0,2.0,129,16
42.0,4.0,694,36
42.0,6.0,921,54
42.0,8.0,800,39
42.0,10.0,452,39
42.0,12.0,3,1
42.0,14.0,26,1
42.0,16.0,41,2
42.0,18.0,56,5
42.0,136.0,134,17
42.0,138.0,386,27
42.0,140.0,433,44
42.0,142.0,489,69
42.0,144.0,2058,133
42.0,146.0,986,95
42.0,148.0,750,66
42.0,150.0,252,40
44.0,-130.0,665,58
44.0,-128.0,912,58
44.0,-126.0,3805,126
44.0,-124.0,44,19
44.0,-70.0,271,68
44.0,-68.0,1380,72
44.0,-66.0,38,18
44.0,-64.0,1121,81
44.0,-62.0,1579,88
44.0,-60.0,1861,103
44.0,-58.0,1222,103
44.0,-56.0,732,67
44.0,-54.0,614,43
44.0,-52.0,482,41
44.0,-50.0,170,29
44.0,-14.0,1187,126
44.0,-12.0,936,111
44.0,-10.0,2160,109
44.0,-8.0,461,53
44.0,-6.0,155,11
44.0,-4.0,98,5
44.0,-2.0,54,6
44.0,8.0,120,14
44.0,10.0,1,1
44.0,12.0,25,1
44.0,138.0,10,1
44.0,140.0,214,7
44.0,142.0,254,7
44.0,144.0,231,7
44.0,146.0,10,8
44.0,148.0,521,40
44.0,150.0,438,55
46.0,-134.0,16,6
46.0,-132.0,314,41
46.0,-130.0,1108,95
46.0,-128.0,1526,99
46.0,-126.0,3398,151
46.0,-124.0,135,31
46.0,-72.0,7,1
46.0,-70.0,6,3
46.0,-64.0,27,2
46.0,-62.0,52,5
46.0,-60.0,121,12
46.0,-58.0,883,52
46.0,-56.0,1806,75
46.0,-54.0,1649,85
46.0,-52.0,1273,86
46.0,-50.0,671,61
46.0,-12.0,937,174
46.0,-10.0,2241,234
46.0,-8.0,3157,180
46.0,-6.0,549,38
46.0,-4.0,501,22
46.0,-2.0,44,10
46.0,152.0,334,37
46.0,154.0,515,50
46.0,156.0,305,26
46.0,158.0,138,16
46.0,160.0,3,2
48.0,-170.0,1,1
48.0,-168.0,4,3
48.0,-166.0,13,5
48.0,-136.0,124,20
48.0,-134.0,935,81
48.0,-132.0,1521,95
48.0,-130.0,2244,157
48.0,-128.0,2902,165
48.0,-126.0,3676,210
48.0,-124.0,1667,100
48.0,-72.0,2,1
48.0,-70.0,58,5
48.0,-68.0,74,5
48.0,-66.0,133,6
48.0,-64.0,115,6
48.0,-62.0,100,5
48.0,-60.0,26,2
48.0,-54.0,134,9
48.0,-52.0,634,38
48.0,-50.0,790,61
48.0,-16.0,142,47
48.0,-14.0,938,92
48.0,-12.0,1715,157
48.0,-10.0,2625,229
48.0,-8.0,4374,403
48.0,-6.0,5669,411
48.0,-4.0,2479,289
48.0,-2.0,787,128
48.0,0.0,74,18
48.0,150.0,1,1
48.0,152.0,45,4
48.0,154.0,416,34
48.0,156.0,641,47
48.0,158.0,489,41
48.0,160.0,287,24
48.0,162.0,22,6
48.0,168.0,12,5
48.0,170.0,38,5
48.0,172.0,50,5
48.0,174.0,79,10
48.0,176.0,11,7
50.0,-174.0,29,9
50.0,-172.0,205,18
50.0,-170.0,281,24
50.0,-168.0,343,24
50.0,-166.0,337,29
50.0,-164.0,173,14
50.0,-162.0,97,7
50.0,-160.0,9,3
50.0,-140.0,7,4
50.0,-138.0,842,73
50.0,-136.0,1326,94
50.0,-134.0,1351,88
50.0,-132.0,1257,82
50.0,-130.0,964,75
50.0,-128.0,1085,27
50.0,-126.0,504,23
50.0,-68.0,15,2
50.0,-66.0,12,3
50.0,-60.0,3,1
50.0,-58.0,24,2
50.0,-56.0,218,10
50.0,-54.0,156,10
50.0,-52.0,73,9
50.0,-50.0,94,11
50.0,-18.0,12,4
50.0,-16.0,876,64
50.0,-14.0,1112,77
50.0,-12.0,1858,94
50.0,-10.0,2101,85
50.0,-8.0,1729,77
50.0,-6.0,1238,81
50.0,-4.0,2239,338
50.0,-2.0,2543,309
50.0,0.0,2501,115
50.0,2.0,3980,293
50.0,4.0,51,13
50.0,148.0,13,1
50.0,156.0,163,14
50.0,158.0,445,34
50.0,160.0,508,41
50.0,162.0,536,37
50.0,164.0,301,34
50.0,166.0,306,40
50.0,168.0,390,35
50.0,170.0,328,23
50.0,172.0,313,21
50.0,174.0,190,20
50.0,176.0,114,11
50.0,178.0,7,3
52.0,-174.0,132,21
52.0,-172.0,342,23
52.0,-170.0,402,24
52.0,-168.0,345,49
52.0,-166.0,361,24
52.0,-164.0,312,22
52.0,-162.0,433,39
52.0,-160.0,593,44
52.0,-158.0,549,39
52.0,-156.0,306,31
52.0,-154.0,614,52
52.0,-152.0,509,51
52.0,-150.0,3,3
52.0,-140.0,389,61
52.0,-138.0,547,62
52.0,-136.0,336,24
52.0,-134.0,149,14
52.0,-132.0,228,16
52.0,-130.0,1001,15
52.0,-128.0,102,7
52.0,-56.0,82,9
52.0,-54.0,177,10
52.0,-52.0,180,12
52.0,-18.0,45,15
52.0,-16.0,661,35
52.0,-14.0,1060,41
52.0,-12.0,1528,57
52.0,-10.0,299,34
52.0,-8.0,259,37
52.0,-6.0,706,48
52.0,-4.0,440,33
52.0,-2.0,2,1
52.0,0.0,588,42
52.0,2.0,2030,95
52.0,4.0,4023,181
52.0,6.0,166,30
52.0,8.0,47,15
52.0,150.0,7,1
52.0,158.0,37,5
52.0,160.0,187,11
52.0,162.0,161,14
52.0,164.0,209,21
52.0,166.0,442,42
52.0,168.0,823,59
52.0,170.0,1004,57
52.0,172.0,733,53
52.0,174.0,836,55
52.0,176.0,850,54
52.0,178.0,294,51
54.0,-174.0,509,60
54.0,-172.0,1047,69
54.0,-170.0,1421,82
54.0,-168.0,2759,153
54.0,-166.0,3312,153
54.0,-164.0,2355,140
54.0,-162.0,2301,136
54.0,-160.0,2506,130
54.0,-158.0,2286,123
54.0,-156.0,1636,100
54.0,-154.0,658,65
54.0,-152.0,430,31
54.0,-150.0,223,23
54.0,-148.0,65,17
54.0,-144.0,12,4
54.0,-142.0,182,15
54.0,-140.0,247,18
54.0,-138.0,104,12
54.0,-136.0,100,7
54.0,-134.0,213,11
54.0,-132.0,755,12
54.0,-130.0,22,6
54.0,-86.0,13,1
54.0,-84.0,16,1
54.0,-82.0,21,1
54.0,-80.0,18,1
54.0,-78.0,11,1
54.0,-60.0,5,1
54.0,-58.0,24,1
54.0,-56.0,72,4
54.0,-54.0,119,8
54.0,-52.0,32,3
54.0,-18.0,19,6
54.0,-16.0,692,48
54.0,-14.0,835,54
54.0,-12.0,1221,64
54.0,-10.0,1489,55
54.0,-8.0,776,44
54.0,-6.0,371,25
54.0,-4.0,92,5
54.0,-2.0,389,21
54.0,0.0,819,31
54.0,2.0,614,44
54.0,4.0,4302,175
54.0,6.0,2170,70
54.0,8.0,262,41
54.0,10.0,2453,207
54.0,12.0,9005,215
54.0,14.0,10683,216
54.0,16.0,2529,213
54.0,18.0,1113,33
54.0,160.0,1,1
54.0,162.0,56,5
54.0,164.0,60,6
54.0,166.0,73,6
54.0,168.0,76,6
54.0,170.0,148,15
54.0,172.0,420,22
54.0,174.0,299,23
54.0,176.0,229,16
54.0,178.0,22,7
56.0,-174.0,18,4
56.0,-172.0,234,16
56.0,-170.0,635,36
56.0,-168.0,2237,90
56.0,-166.0,1171,70
56.0,-164.0,460,32
56.0,-162.0,244,8
56.0,-160.0,40,9
56.0,-158.0,697,40
56.0,-156.0,1546,59
56.0,-154.0,1384,66
56.0,-152.0,1136,65
56.0,-150.0,553,36
56.0,-148.0,501,38
56.0,-146.0,292,23
56.0,-144.0,265,17
56.0,-142.0,203,17
56.0,-140.0,195,11
56.0,-138.0,225,9
56.0,-136.0,765,15
56.0,-134.0,712,6
56.0,-94.0,2,1
56.0,-92.0,65,1
56.0,-90.0,38,1
56.0,-88.0,33,1
56.0,-86.0,9,1
56.0,-78.0,25,1
56.0,-62.0,16,1
56.0,-60.0,23,1
56.0,-58.0,22,2
56.0,-56.0,98,2
56.0,-54.0,75,7
56.0,-52.0,56,6
56.0,-50.0,76,8
56.0,-48.0,93,7
56.0,-46.0,145,10
56.0,-44.0,198,17
56.0,-42.0,276,21
56.0,-40.0,261,23
56.0,-38.0,5,2
56.0,-16.0,81,12
56.0,-14.0,272,21
56.0,-12.0,434,20
56.0,-10.0,1259,33
56.0,-8.0,706,25
56.0,-6.0,8,4
56.0,-4.0,6,1
56.0,-2.0,965,50
56.0,0.0,1187,64
56.0,2.0,1592,89
56.0,4.0,5363,329
56.0,6.0,6342,410
56.0,8.0,4632,344
56.0,10.0,4653,310
56.0,12.0,303,37
56.0,16.0,12462,215
56.0,18.0,11825,220
56.0,20.0,2356,190
56.0,22.0,17,1
56.0,162.0,8,1
56.0,164.0,17,2
56.0,166.0,18,1
56.0,172.0,15,2
56.0,174.0,101,13
56.0,176.0,3,2
58.0,-180.0,166,14
58.0,-178.0,71,8
58.0,-176.0,30,6
58.0,-174.0,213,16
58.0,-172.0,455,17
58.0,-170.0,957,81
58.0,-168.0,1845,82
58.0,-166.0,209,9
58.0,-164.0,105,4
58.0,-162.0,12,2
58.0,-156.0,68,22
58.0,-154.0,764,36
58.0,-152.0,1038,55
58.0,-150.0,2019,88
58.0,-148.0,914,37
58.0,-146.0,468,27
58.0,-144.0,189,10
58.0,-142.0,176,9
58.0,-140.0,144,9
58.0,-138.0,104,8
58.0,-136.0,520,5
58.0,-134.0,18,3
58.0,-96.0,3,1
58.0,-94.0,27,1
58.0,-92.0,57,1
58.0,-90.0,11,1
58.0,-88.0,5,1
58.0,-80.0,19,1
58.0,-78.0,8,1
58.0,-64.0,25,2
58.0,-62.0,22,1
58.0,-60.0,16,1
58.0,-58.0,8,1
58.0,-56.0,40,2
58.0,-54.0,84,5
58.0,-52.0,124,9
58.0,-50.0,593,48
58.0,-48.0,2149,181
58.0,-46.0,4120,290
58.0,-44.0,4444,312
58.0,-42.0,3913,283
58.0,-40.0,2839,221
58.0,-38.0,1690,167
58.0,-36.0,3,3
58.0,-24.0,32,6
58.0,-22.0,35,7
58.0,-20.0,29,7
58.0,-18.0,18,4
58.0,-16.0,2,2
58.0,-14.0,328,83
58.0,-12.0,1785,124
58.0,-10.0,2025,135
58.0,-8.0,2202,147
58.0,-6.0,2290,177
58.0,-4.0,3486,291
58.0,-2.0,5309,318
58.0,0.0,5333,374
58.0,2.0,6791,379
58.0,4.0,11078,514
58.0,6.0,1050,219
58.0,8.0,395,20
58.0,10.0,221,15
58.0,16.0,11,5
58.0,18.0,4539,215
58.0,20.0,14734,219
58.0,22.0,9991,183
58.0,24.0,3343,183
58.0,26.0,46,12
58.0,166.0,7,1
58.0,168.0,9,1
58.0,174.0,2,1
58.0,176.0,33,2
58.0,178.0,68,9
60.0,-180.0,243,13
60.0,-178.0,635,19
60.0,-176.0,338,25
60.0,-174.0,460,19
60.0,-172.0,416,20
60.0,-170.0,1261,77
60.0,-168.0,1213,68
60.0,-154.0,2,1
60.0,-152.0,2,1
60.0,-150.0,115,42
60.0,-148.0,399,18
60.0,-146.0,136,13
60.0,-144.0,6,2
60.0,-140.0,2,1
60.0,-94.0,34,1
60.0,-92.0,94,1
60.0,-90.0,59,1
60.0,-88.0,19,1
60.0,-86.0,3,1
60.0,-80.0,10,1
60.0,-72.0,18,3
60.0,-70.0,68,3
60.0,-68.0,79,3
60.0,-66.0,48,3
60.0,-64.0,18,2
60.0,-62.0,29,2
60.0,-60.0,15,1
60.0,-58.0,17,1
60.0,-56.0,31,2
60.0,-54.0,100,7
60.0,-52.0,1071,196
60.0,-50.0,5785,283
60.0,-48.0,3226,243
60.0,-46.0,669,109
60.0,-44.0,393,50
60.0,-42.0,1365,121
60.0,-40.0,2523,176
60.0,-38.0,2847,201
60.0,-36.0,1019,169
60.0,-30.0,177,49
60.0,-28.0,1015,109
60.0,-26.0,1018,74
60.0,-24.0,999,78
60.0,-22.0,1141,82
60.0,-20.0,1279,87
60.0,-18.0,1247,90
60.0,-16.0,1170,104
60.0,-14.0,1304,116
60.0,-12.0,1295,148
60.0,-10.0,2116,150
60.0,-8.0,2431,225
60.0,-6.0,3329,226
60.0,-4.0,2355,192
60.0,-2.0,1726,103
60.0,0.0,2196,99
60.0,2.0,1751,65
60.0,4.0,3413,258
60.0,6.0,85,9
60.0,18.0,666,29
60.0,20.0,45,2
60.0,22.0,3,1
60.0,24.0,713,124
60.0,26.0,335,14
60.0,28.0,269,13
60.0,172.0,2,1
60.0,174.0,2,1
60.0,178.0,16,1
62.0,-180.0,42,3
62.0,-178.0,55,6
62.0,-176.0,488,26
62.0,-174.0,719,30
62.0,-172.0,230,20
62.0,-170.0,604,35
62.0,-168.0,2098,72
62.0,-166.0,205,35
62.0,-164.0,19,3
62.0,-162.0,2,1
62.0,-94.0,1,1
62.0,-92.0,38,1
62.0,-90.0,61,1
62.0,-88.0,54,1
62.0,-86.0,57,1
62.0,-84.0,32,1
62.0,-82.0,21,1
62.0,-80.0,38,2
62.0,-78.0,52,3
62.0,-76.0,63,3
62.0,-74.0,59,3
62.0,-72.0,49,3
62.0,-70.0,13,1
62.0,-68.0,45,2
62.0,-66.0,28,2
62.0,-64.0,31,3
62.0,-62.0,40,3
62.0,-60.0,20,1
62.0,-58.0,22,1
62.0,-56.0,14,1
62.0,-54.0,1078,247
62.0,-52.0,6267,279
62.0,-50.0,66,53
62.0,-42.0,29,3
62.0,-40.0,106,8
62.0,-38.0,300,30
62.0,-36.0,835,71
62.0,-34.0,659,58
62.0,-32.0,869,100
62.0,-30.0,2151,165
62.0,-28.0,3218,209
62.0,-26.0,3517,214
62.0,-24.0,3212,257
62.0,-22.0,3394,208
62.0,-20.0,3049,206
62.0,-18.0,3090,201
62.0,-16.0,2197,198
62.0,-14.0,1659,143
62.0,-12.0,1404,120
62.0,-10.0,1295,108
62.0,-8.0,117,31
62.0,-6.0,196,19
62.0,-4.0,121,12
62.0,-2.0,211,13
62.0,0.0,415,35
62.0,2.0,1010,55
62.0,4.0,3141,133
62.0,6.0,1283,82
62.0,8.0,534,34
62.0,10.0,35,14
62.0,18.0,283,24
62.0,20.0,598,26
62.0,178.0,7,1
64.0,-174.0,18,10
64.0,-172.0,580,29
64.0,-170.0,2637,96
64.0,-168.0,1298,76
64.0,-166.0,388,47
64.0,-164.0,31,3
64.0,-162.0,7,1
64.0,-80.0,64,3
64.0,-78.0,30,2
64.0,-76.0,2,1
64.0,-64.0,18,1
64.0,-62.0,41,2
64.0,-60.0,31,2
64.0,-58.0,17,1
64.0,-56.0,91,7
64.0,-54.0,5956,286
64.0,-52.0,578,236
64.0,-40.0,21,2
64.0,-38.0,163,10
64.0,-36.0,180,11
64.0,-34.0,293,15
64.0,-32.0,371,27
64.0,-30.0,507,31
64.0,-28.0,1561,67
64.0,-26.0,2956,153
64.0,-24.0,4053,284
64.0,-22.0,78,33
64.0,-20.0,34,9
64.0,-18.0,12,6
64.0,-16.0,1085,78
64.0,-14.0,2341,97
64.0,-12.0,1477,88
64.0,-10.0,696,46
64.0,-8.0,285,17
64.0,-6.0,46,13
64.0,-2.0,171,24
64.0,0.0,849,63
64.0,2.0,2471,78
64.0,4.0,1359,79
64.0,6.0,856,42
64.0,8.0,666,38
64.0,10.0,284,19
64.0,12.0,61,10
64.0,20.0,88,24
64.0,22.0,712,27
64.0,24.0,350,27
66.0,-170.0,334,90
66.0,-168.0,22,9
66.0,-82.0,20,2
66.0,-80.0,8,2
66.0,-64.0,28,3
66.0,-62.0,65,3
66.0,-60.0,76,2
66.0,-58.0,80,4
66.0,-56.0,2280,195
66.0,-54.0,1607,209
66.0,-52.0,146,12
66.0,-38.0,5,1
66.0,-36.0,4,1
66.0,-34.0,34,5
66.0,-32.0,176,11
66.0,-30.0,305,20
66.0,-28.0,1000,44
66.0,-26.0,1119,71
66.0,-24.0,2291,76
66.0,-22.0,1477,67
66.0,-20.0,1469,60
66.0,-18.0,961,49
66.0,-16.0,1095,49
66.0,-14.0,1548,55
66.0,-12.0,1023,43
66.0,-10.0,691,42
66.0,-8.0,359,21
66.0,-6.0,20,6
66.0,2.0,464,63
66.0,4.0,676,41
66.0,6.0,1046,42
66.0,8.0,1281,48
66.0,10.0,1213,49
66.0,12.0,765,47
66.0,14.0,165,22
68.0,-100.0,28,2
68.0,-88.0,15,2
68.0,-86.0,32,2
68.0,-84.0,32,2
68.0,-82.0,49,2
68.0,-80.0,2,1
68.0,-66.0,10,1
68.0,-64.0,88,4
68.0,-62.0,166,4
68.0,-60.0,191,4
68.0,-58.0,228,5
68.0,-56.0,576,134
68.0,-54.0,1443,146
68.0,-52.0,33,3
68.0,-30.0,19,4
68.0,-28.0,74,5
68.0,-26.0,164,10
68.0,-24.0,417,25
68.0,-22.0,543,23
68.0,-20.0,678,51
68.0,-18.0,621,36
68.0,-16.0,419,20
68.0,-14.0,524,49
68.0,-12.0,271,16
68.0,-10.0,202,11
68.0,-8.0,57,10
68.0,4.0,465,26
68.0,6.0,479,26
68.0,8.0,608,39
68.0,10.0,1230,52
68.0,12.0,1374,60
68.0,14.0,1538,72
68.0,16.0,890,55
68.0,18.0,513,64
68.0,20.0,55,23
68.0,30.0,9,4
68.0,32.0,1,1
68.0,34.0,17,1
68.0,36.0,18,1
68.0,38.0,20,1
68.0,40.0,10,1
70.0,-100.0,11,2
70.0,-90.0,14,2
70.0,-88.0,11,2
70.0,-86.0,1,1
70.0,-66.0,1,1
70.0,-64.0,31,4
70.0,-62.0,16,1
70.0,-60.0,23,4
70.0,-58.0,13,3
70.0,-56.0,17,5
70.0,-54.0,5,1
70.0,-24.0,20,8
70.0,-22.0,50,11
70.0,-20.0,62,5
70.0,-18.0,84,8
70.0,-16.0,76,7
70.0,-14.0,64,8
70.0,-12.0,13,5
70.0,4.0,73,11
70.0,6.0,88,9
70.0,8.0,115,15
70.0,10.0,78,10
70.0,12.0,84,11
70.0,14.0,135,13
70.0,16.0,254,42
70.0,18.0,137,35
70.0,20.0,293,48
70.0,22.0,5,1
70.0,24.0,3,2
70.0,28.0,2,1
70.0,30.0,72,12
70.0,32.0,17,1
70.0,34.0,1,1
70.0,40.0,3,1
