region_key,grid_month_rows,cruises,platforms,observed_nodes,fco2_gridmonths,sss_gridmonths
LME-12,123545,1084,33,6890,123545,121495
LME-22,91355,984,39,5733,91343,42014
LME-23,89102,233,5,1705,89095,87341
LME-49,88438,1356,26,5025,88438,85915
LME-7,58300,821,32,1976,58296,57961
LME-24,49821,788,51,5474,49821,44868
LME-2,46090,471,34,8606,46079,45093
LME-59,40409,353,19,4758,40409,19132
LME-5,37236,363,23,4963,37233,37199
LME-3,37178,548,45,7219,37172,36924
LME-18,36043,350,13,2731,36043,5383
LME-11,28524,192,19,5564,28524,28086
LME-6,26210,952,27,1615,26209,25698
LME-1,24209,218,29,5472,24209,22777
LME-21,22956,199,18,5215,22956,21897
LME-27,18798,148,35,3582,18798,18046
LME-26,16920,113,21,4579,16920,16779
BASIN-2-GRID5-22:22,16721,462,16,583,16721,16517
BASIN-3-GRID5-22:21,16106,565,15,306,16106,15900
BASIN-2-GRID5-21:22,13022,431,17,249,13022,12991
BASIN-3-GRID5-17:66,12951,320,9,462,12951,12770
BASIN-3-GRID5-25:21,12792,405,23,866,12792,12756
LME-16,12289,89,18,3001,12289,12031
LME-51,11425,201,17,2149,11425,11074
LME-54,10793,111,21,1917,10793,9773
LME-9,10744,153,21,2630,10744,10714
LME-19,10375,330,15,2640,10375,3667
LME-41,9687,314,11,916,9687,9531
LME-25,8649,150,36,1551,8649,8290
BASIN-2-GRID5-30:30,8414,332,16,927,8414,4825
LME-50,8070,132,12,2196,8070,7960
LME-8,7774,142,17,1148,7774,7774
LME-40,7531,201,12,1395,7531,7505
BASIN-3-GRID5-16:66,7397,312,8,310,7397,7322
BASIN-2-GRID5-30:28,6887,219,12,807,6887,2758
LME-60,6688,266,9,769,6688,2427
BASIN-2-GRID5-30:32,6564,234,14,998,6564,1794
BASIN-3-GRID5-28:3,6389,178,14,910,6389,6078
BASIN-2-GRID5-29:27,6165,287,15,737,6165,1428
BASIN-2-GRID5-21:23,5310,352,10,253,5310,5310
BASIN-2-GRID5-30:33,5203,231,11,697,5203,1544
BASIN-2-GRID5-29:28,4798,234,15,499,4798,1006
BASIN-4-GRID5-24:64,4517,534,18,350,4517,4395
LME-47,4317,89,13,1257,4317,4305
LME-20,4122,122,8,610,4122,3916
BASIN-2-GRID5-30:31,3982,213,16,908,3982,638
BASIN-2-GRID5-29:34,3474,172,11,388,3474,634
BASIN-2-GRID5-29:33,3363,168,17,797,3363,1476
BASIN-2-GRID5-27:33,3091,265,29,456,3091,2614
LME-32,3005,19,7,1915,3005,2982
LME-15,2865,75,17,1102,2865,2773
BASIN-3-GRID5-28:4,2856,146,15,532,2856,2724
LME-53,2687,68,10,1070,2687,2687
LME-17,2632,61,13,1379,2604,2591
BASIN-2-GRID5-27:34,2606,157,28,397,2606,2447
BASIN-2-GRID5-25:33,2494,94,28,649,2494,2339
BASIN-2-GRID5-30:29,2450,123,9,625,2450,1407
BASIN-3-GRID5-28:5,2244,76,12,376,2244,2201
LME-28,2241,18,6,933,2241,2010
BASIN-3-GRID5-28:69,2027,82,7,559,2027,2025
BASIN-2-GRID5-26:33,1904,126,29,650,1904,1822
BASIN-3-GRID5-24:21,1775,136,15,317,1775,1661
LME-29,1711,39,10,454,1710,1546
LME-30,1674,21,6,1341,1674,1670
BASIN-2-GRID5-29:26,1558,90,12,559,1558,650
BASIN-3-GRID5-24:20,1545,98,15,315,1545,1424
BASIN-3-GRID5-28:68,1541,47,6,564,1541,1518
LME-44,1524,20,10,928,1524,1366
LME-63,1507,3,3,1343,1507,1507
LME-45,1467,18,8,1078,1467,1455
BASIN-3-GRID5-26:65,1436,135,15,161,1436,1396
BASIN-2-GRID5-26:22,1413,172,17,172,1407,1404
LME-65,1332,70,11,474,1332,1329
BASIN-2-GRID5-28:33,1307,103,20,392,1307,1289
BASIN-2-GRID5-30:34,1306,160,8,97,1306,201
LME-39,1283,26,5,497,1283,1283
BASIN-3-GRID5-28:10,1218,36,8,109,1212,1218
BASIN-3-GRID5-25:65,1171,212,17,113,1171,1160
BASIN-2-GRID5-30:37,1113,220,9,111,1113,894
BASIN-2-GRID5-24:33,1112,50,16,271,1112,1006
BASIN-3-GRID5-28:2,1110,69,19,538,1110,1093
BASIN-4-GRID5-17:64,1081,41,6,318,1081,951
BASIN-2-GRID5-30:27,1045,120,7,93,1045,413
BASIN-2-GRID5-29:37,913,197,9,26,913,154
BASIN-3-GRID5-23:20,904,82,17,207,904,741
BASIN-2-GRID5-28:32,882,82,16,303,882,877
BASIN-2-GRID5-25:22,871,61,14,203,871,871
BASIN-3-GRID5-19:18,861,54,7,290,861,855
LME-13,854,18,6,735,854,844
BASIN-3-GRID5-28:70,710,56,8,338,710,710
BASIN-3-GRID5-26:21,682,290,9,29,676,682
BASIN-2-GRID5-22:23,672,67,4,102,672,645
BASIN-3-GRID5-27:67,632,40,5,223,632,623
LME-37,608,7,5,517,608,608
BASIN-3-GRID5-15:66,604,24,4,143,604,604
BASIN-2-GRID5-26:23,595,34,14,365,595,595
BASIN-4-GRID5-18:64,577,44,5,85,577,471
BASIN-2-GRID5-12:38,562,37,10,191,562,507
BASIN-3-GRID5-29:9,555,18,9,48,555,554
LME-52,544,8,4,244,544,544
BASIN-2-GRID5-29:25,519,12,9,383,519,497
BASIN-2-GRID5-26:24,506,34,13,291,506,506
BASIN-2-GRID5-22:31,506,31,12,193,506,506
BASIN-3-GRID5-23:19,499,329,9,16,489,498
LME-34,475,13,6,428,475,475
BASIN-2-GRID5-27:26,448,52,5,70,448,448
BASIN-0-GRID5-31:39,405,77,7,43,405,360
BASIN-2-GRID5-28:36,376,159,11,28,349,373
LME-38,346,5,3,215,346,346
BASIN-3-GRID5-17:65,334,18,7,168,334,282
BASIN-3-GRID5-27:11,333,73,17,35,332,327
BASIN-3-GRID5-27:68,312,25,5,150,312,309
BASIN-2-GRID5-30:25,303,36,8,191,303,212
BASIN-2-GRID5-23:32,302,48,16,136,302,302
BASIN-4-GRID5-25:64,294,107,14,38,294,288
BASIN-3-GRID5-29:3,293,26,5,62,293,272
BASIN-4-GRID5-19:61,258,7,3,175,258,183
BASIN-2-GRID5-22:32,256,25,10,102,256,256
BASIN-2-GRID5-29:32,251,42,12,85,251,208
BASIN-4-GRID5-18:63,238,11,4,128,238,184
BASIN-0-GRID5-31:25,238,26,2,24,238,1
BASIN-3-GRID5-17:67,234,11,4,103,234,199
BASIN-2-GRID5-30:26,233,73,7,37,233,71
BASIN-3-GRID5-20:17,226,18,5,131,226,226
BASIN-3-GRID5-29:8,225,6,5,23,225,225
BASIN-2-GRID5-19:25,223,46,4,58,223,215
BASIN-2-GRID5-20:24,221,50,13,84,221,221
LME-36,212,6,3,164,212,212
BASIN-2-GRID5-21:31,209,26,10,82,209,209
BASIN-2-GRID5-26:34,205,68,16,48,205,198
BASIN-3-GRID5-28:8,202,37,11,52,202,181
BASIN-2-GRID5-28:25,200,14,8,118,200,200
BASIN-2-GRID5-31:33,199,51,4,13,199,153
LME-33,192,1,1,192,192,192
LME-31,190,7,3,162,190,190
BASIN-3-GRID5-20:15,189,13,4,99,189,189
BASIN-4-GRID5-19:46,188,5,3,156,188,188
BASIN-3-GRID5-17:19,186,10,5,139,186,186
BASIN-2-GRID5-26:25,186,17,6,116,186,186
BASIN-3-GRID5-28:71,181,12,5,116,181,181
BASIN-3-GRID5-16:67,171,122,2,8,171,171
BASIN-3-GRID5-16:65,168,8,6,98,168,168
BASIN-3-GRID5-16:19,167,10,5,95,167,167
BASIN-2-GRID5-25:34,157,27,9,39,157,157
BASIN-3-GRID5-28:9,150,10,4,22,150,149
BASIN-3-GRID5-28:67,150,23,6,45,150,150
BASIN-2-GRID5-29:24,147,4,4,129,147,147
BASIN-3-GRID5-29:5,137,32,10,52,137,119
BASIN-4-GRID5-20:61,135,5,4,93,135,114
BASIN-2-GRID5-29:38,134,71,6,14,131,97
BASIN-5-GRID5-27:35,129,13,7,85,129,129
LME-4,128,3,3,127,128,128
BASIN-5-GRID5-27:34,122,13,9,77,122,122
BASIN-4-GRID5-16:56,122,4,4,104,122,122
BASIN-3-GRID5-27:70,122,10,6,91,122,122
BASIN-3-GRID5-28:1,122,13,5,80,122,122
BASIN-3-GRID5-15:65,122,5,4,120,122,122
BASIN-3-GRID5-21:21,118,113,4,5,118,118
BASIN-4-GRID5-16:57,117,5,4,108,117,117
BASIN-2-GRID5-13:38,112,22,3,26,112,95
BASIN-4-GRID5-15:46,108,4,2,103,108,108
BASIN-2-GRID5-20:31,107,9,5,81,107,107
BASIN-3-GRID5-29:4,106,25,4,20,106,97
BASIN-3-GRID5-12:66,105,70,5,4,105,105
BASIN-4-GRID5-19:51,101,4,2,80,101,101
BASIN-3-GRID5-29:6,98,16,7,34,98,81
BASIN-3-GRID5-20:16,96,16,3,47,96,96
BASIN-4-GRID5-16:64,96,8,4,28,96,96
BASIN-2-GRID5-28:34,92,37,3,25,92,92
BASIN-4-GRID5-14:46,91,4,3,50,91,91
BASIN-2-GRID5-15:29,88,9,7,58,88,83
BASIN-3-GRID5-30:6,88,32,5,19,88,87
BASIN-2-GRID5-28:26,88,11,3,39,88,88
BASIN-3-GRID5-21:14,86,15,8,53,86,86
BASIN-3-GRID5-27:10,86,14,5,11,86,86
BASIN-4-GRID5-15:57,84,3,3,77,84,84
BASIN-2-GRID5-30:24,83,3,3,83,83,83
BASIN-4-GRID5-18:52,82,6,4,58,82,82
BASIN-4-GRID5-20:46,82,6,3,78,82,82
BASIN-4-GRID5-17:63,74,5,2,31,74,45
BASIN-3-GRID5-18:19,74,7,5,59,74,74
BASIN-2-GRID5-28:35,74,20,10,26,74,74
BASIN-4-GRID5-18:62,72,4,2,69,72,44
BASIN-2-GRID5-14:28,70,9,7,52,70,54
BASIN-2-GRID5-12:26,68,8,7,57,68,68
BASIN-4-GRID5-18:61,67,4,2,64,67,65
BASIN-2-GRID5-29:31,67,9,4,24,67,4
BASIN-3-GRID5-28:6,65,15,8,41,65,65
BASIN-5-GRID5-25:34,63,41,14,5,63,63
BASIN-2-GRID5-16:29,63,8,5,41,63,63
BASIN-3-GRID5-19:19,57,14,6,27,57,32
BASIN-0-GRID5-31:38,57,21,5,21,57,56
BASIN-3-GRID5-27:71,56,7,2,34,56,56
BASIN-2-GRID5-18:27,51,6,2,48,51,51
BASIN-4-GRID5-21:61,48,2,1,29,48,48
BASIN-2-GRID5-13:27,48,5,5,47,48,48
BASIN-2-GRID5-31:31,48,20,3,11,48,5
BASIN-3-GRID5-21:18,47,47,3,1,47,47
BASIN-4-GRID5-17:55,46,1,1,46,46,46
BASIN-4-GRID5-13:46,45,5,3,35,45,45
BASIN-4-GRID5-16:58,45,1,1,45,45,45
BASIN-2-GRID5-23:33,45,5,5,3,45,42
LME-48,45,4,1,27,45,44
BASIN-3-GRID5-24:19,44,11,4,14,34,42
BASIN-4-GRID5-26:64,44,40,5,8,44,44
BASIN-3-GRID5-21:15,43,6,2,25,43,43
BASIN-4-GRID5-15:64,42,21,6,10,42,42
BASIN-4-GRID5-15:63,42,7,4,16,42,42
BASIN-3-GRID5-22:18,42,42,4,1,42,42
BASIN-4-GRID5-24:63,41,35,8,8,41,40
BASIN-0-GRID5-31:32,40,17,3,17,40,2
BASIN-3-GRID5-25:20,39,27,7,7,39,38
LME-55,39,2,2,32,39,39
BASIN-2-GRID5-13:28,39,2,2,37,39,39
BASIN-2-GRID5-14:37,39,1,1,39,39,39
BASIN-4-GRID5-15:59,39,2,1,23,39,39
BASIN-5-GRID5-26:41,38,7,1,7,38,38
BASIN-2-GRID5-30:38,37,21,7,13,37,35
BASIN-2-GRID5-29:39,36,36,2,1,36,36
BASIN-2-GRID5-27:35,36,18,8,15,36,36
BASIN-2-GRID5-24:32,35,5,4,23,35,35
BASIN-3-GRID5-25:11,33,16,5,10,32,33
BASIN-2-GRID5-20:22,33,24,2,4,33,33
BASIN-3-GRID5-24:12,32,17,7,10,32,32
BASIN-5-GRID5-26:35,31,4,3,29,31,31
BASIN-2-GRID5-20:32,30,2,2,27,30,30
BASIN-2-GRID5-12:27,29,7,4,27,29,29
BASIN-4-GRID5-24:62,28,21,4,12,28,28
BASIN-3-GRID5-21:20,27,21,3,4,27,27
BASIN-0-GRID5-31:31,26,12,2,11,26,1
BASIN-4-GRID5-16:59,25,3,2,15,25,25
BASIN-4-GRID5-18:55,24,1,1,24,24,24
BASIN-5-GRID5-26:37,22,17,6,11,22,22
BASIN-0-GRID5-32:39,22,9,2,8,22,22
BASIN-0-GRID5-31:40,22,9,2,9,22,22
BASIN-0-GRID5-32:40,22,12,3,5,22,22
BASIN-4-GRID5-17:56,21,1,1,21,21,21
BASIN-2-GRID5-13:37,21,2,1,19,21,21
BASIN-3-GRID5-27:8,20,6,4,7,20,20
BASIN-2-GRID5-27:24,19,17,3,5,19,19
BASIN-2-GRID5-17:37,19,1,1,19,19,19
BASIN-3-GRID5-23:17,18,12,6,5,18,18
BASIN-3-GRID5-24:18,18,15,3,6,18,18
BASIN-4-GRID5-18:51,18,5,3,16,18,18
BASIN-3-GRID5-22:20,17,16,5,2,17,11
BASIN-3-GRID5-27:2,17,6,4,12,17,17
BASIN-4-GRID5-19:50,17,2,2,16,17,17
BASIN-4-GRID5-20:47,16,1,1,16,16,16
BASIN-5-GRID5-26:38,16,14,1,3,16,16
BASIN-4-GRID5-13:58,16,4,3,13,16,16
BASIN-4-GRID5-22:60,15,2,2,15,15,15
BASIN-5-GRID5-25:39,15,9,2,4,15,15
BASIN-4-GRID5-12:43,15,3,2,15,15,15
BASIN-2-GRID5-27:22,15,8,3,7,15,15
BASIN-2-GRID5-27:36,15,12,5,5,15,14
BASIN-3-GRID5-29:10,15,5,1,3,15,15
BASIN-2-GRID5-16:37,14,2,2,14,14,14
BASIN-4-GRID5-19:62,14,3,1,13,14,12
BASIN-2-GRID5-28:38,14,14,3,2,14,14
BASIN-2-GRID5-27:25,13,9,2,5,13,13
BASIN-5-GRID5-25:35,13,11,4,6,13,13
BASIN-2-GRID5-28:24,13,7,2,2,13,13
BASIN-3-GRID5-27:69,12,5,4,7,12,12
BASIN-4-GRID5-31:41,12,12,1,1,12,12
BASIN-3-GRID5-20:18,11,5,4,5,11,11
BASIN-3-GRID5-19:17,11,6,3,9,11,11
BASIN-4-GRID5-15:45,11,1,1,11,11,11
BASIN-2-GRID5-18:34,11,2,2,11,11,11
BASIN-4-GRID5-16:45,11,1,1,11,11,11
BASIN-2-GRID5-18:28,10,2,2,10,10,10
BASIN-2-GRID5-27:23,10,4,1,6,10,10
BASIN-5-GRID5-26:36,10,5,4,8,10,10
BASIN-5-GRID5-25:38,9,9,2,2,9,9
BASIN-4-GRID5-12:45,9,1,1,9,9,9
BASIN-2-GRID5-18:36,9,1,1,6,9,9
BASIN-2-GRID5-18:25,9,1,1,9,0,9
BASIN-2-GRID5-30:39,9,9,1,1,9,9
BASIN-4-GRID5-25:63,8,8,5,4,8,7
BASIN-5-GRID5-26:34,7,2,2,5,7,7
BASIN-3-GRID5-27:9,7,5,3,5,7,7
BASIN-3-GRID5-12:20,7,1,1,7,7,7
BASIN-3-GRID5-19:20,7,5,3,4,7,2
BASIN-3-GRID5-22:19,7,1,1,7,7,7
BASIN-2-GRID5-17:28,7,3,2,7,7,7
BASIN-2-GRID5-31:25,6,4,2,4,6,3
BASIN-0-GRID5-31:42,6,4,1,2,6,4
BASIN-5-GRID5-26:39,6,2,1,6,6,6
BASIN-4-GRID5-20:60,6,1,1,6,6,6
BASIN-2-GRID5-18:33,6,6,2,1,6,6
BASIN-5-GRID5-25:36,6,6,3,2,6,6
BASIN-2-GRID5-20:23,6,4,3,4,6,6
BASIN-2-GRID5-12:39,6,4,1,2,5,6
BASIN-3-GRID5-30:1,5,2,2,4,5,5
BASIN-2-GRID5-15:28,5,4,4,3,5,4
BASIN-0-GRID5-31:19,4,2,2,2,4,4
BASIN-2-GRID5-19:26,4,3,3,2,4,4
BASIN-5-GRID5-25:40,4,3,1,2,4,4
BASIN-4-GRID5-24:61,4,3,2,3,4,4
BASIN-4-GRID5-12:46,4,1,1,4,4,4
BASIN-2-GRID5-11:38,4,3,3,4,4,4
BASIN-3-GRID5-26:66,4,3,1,2,4,4
BASIN-3-GRID5-20:14,4,3,1,2,4,4
BASIN-0-GRID5-31:33,4,3,2,3,4,2
BASIN-3-GRID5-22:13,4,2,2,3,4,4
BASIN-3-GRID5-26:11,4,3,1,2,4,4
BASIN-2-GRID5-19:32,3,2,2,3,3,3
BASIN-2-GRID5-17:26,3,1,1,3,0,3
BASIN-0-GRID5-31:30,3,2,1,3,3,3
BASIN-2-GRID5-18:35,3,1,1,3,3,3
BASIN-5-GRID5-25:41,3,3,1,2,3,3
BASIN-2-GRID5-30:22,3,2,2,3,3,3
BASIN-3-GRID5-27:21,3,2,1,3,3,3
BASIN-2-GRID5-27:32,3,1,1,3,3,3
BASIN-2-GRID5-31:38,3,3,3,1,3,2
BASIN-2-GRID5-31:32,3,3,1,1,3,0
BASIN-3-GRID5-20:20,3,3,1,1,3,3
BASIN-0-GRID5-32:31,3,3,1,2,3,3
BASIN-0-GRID5-32:41,2,2,1,1,2,2
BASIN-2-GRID5-31:28,2,2,1,1,2,2
BASIN-2-GRID5-28:37,2,2,2,2,2,2
BASIN-2-GRID5-11:26,2,1,1,2,2,2
BASIN-2-GRID5-29:35,2,2,2,2,2,1
BASIN-3-GRID5-29:17,2,1,1,2,2,2
BASIN-3-GRID5-23:16,2,1,1,1,2,2
BASIN-3-GRID5-21:13,2,1,1,2,2,2
BASIN-3-GRID5-29:7,2,2,2,1,2,2
BASIN-4-GRID5-11:43,2,1,1,2,2,2
BASIN-4-GRID5-23:42,2,1,1,2,2,2
BASIN-5-GRID5-25:37,2,1,1,2,2,2
BASIN-4-GRID5-26:63,2,2,2,2,2,2
BASIN-4-GRID5-22:59,2,1,1,2,2,2
BASIN-4-GRID5-18:54,2,1,1,2,2,2
BASIN-4-GRID5-15:58,2,2,2,2,2,1
BASIN-4-GRID5-14:45,2,2,2,1,2,2
BASIN-4-GRID5-18:46,2,2,2,1,2,2
BASIN-4-GRID5-12:42,2,2,1,1,2,1
BASIN-3-GRID5-23:18,2,1,1,2,0,2
BASIN-0-GRID5-32:42,1,1,1,1,1,1
BASIN-2-GRID5-12:25,1,1,1,1,1,1
BASIN-3-GRID5-21:16,1,1,1,1,1,1
BASIN-3-GRID5-24:11,1,1,1,1,1,1
BASIN-3-GRID5-12:67,1,1,1,1,1,1
BASIN-3-GRID5-30:20,1,1,1,1,1,1
BASIN-3-GRID5-29:20,1,1,1,1,1,1
BASIN-3-GRID5-27:3,1,1,1,1,1,1
BASIN-2-GRID5-28:39,1,1,1,1,1,1
BASIN-3-GRID5-22:16,1,1,1,1,1,1
BASIN-3-GRID5-30:7,1,1,1,1,1,1
BASIN-3-GRID5-30:8,1,1,1,1,1,1
BASIN-3-GRID5-31:2,1,1,1,1,1,1
BASIN-2-GRID5-24:34,1,1,1,1,1,1
BASIN-4-GRID5-22:58,1,1,1,1,1,1
BASIN-4-GRID5-20:44,1,1,1,1,1,1
BASIN-2-GRID5-28:22,1,1,1,1,1,1
BASIN-5-GRID5-27:38,1,1,1,1,1,1
BASIN-4-GRID5-23:61,1,1,1,1,1,1
BASIN-2-GRID5-13:26,1,1,1,1,1,1
BASIN-2-GRID5-17:29,1,1,1,1,1,1
