variable,omitted_cruise,slope_per_decade
TA,none_theil_sen,11.50311672539152
TA,33WA20051007,50.798499838824824
TA,33RO20070710,40.133452957546645
TA,33RO20120721,26.78467624158641
TA,33HH20130314,25.728133973610472
TA,334A20140510,24.53714946050858
TA,33H620140402,26.221824067851323
TA,33H620140515,26.678635482458866
TA,33H620140715,25.177655836460417
TA,33H620140923,25.903851762757895
TA,33H620141204,25.571518511167564
TA,33H620141103,25.810566827069653
TA,33GG20170610,19.62278348038482
TA,33HH20180625,23.715295430260554
TA,NPSNOAA2021,-12.270439715427328
SSS,none_theil_sen,0.059732046935923155
SSS,33RO20020827,-0.17970847987117508
SSS,33RO20020325,-0.18240051296535234
SSS,33RO20020817,-0.18215190168628614
SSS,33RO20020617,-0.17767003591378389
SSS,33RO20030605,-0.1861418348654586
SSS,33RO20030310,-0.18349210882053396
SSS,33RO20040922,-0.17924801142586283
SSS,33RO20040430,-0.17834056895524014
SSS,32KZ20050727,-0.19339016316119045
SSS,32KZ20050106,-0.18825380665757094
SSS,32KZ20050319,-0.1892503513310888
SSS,32KZ20051008,-0.1926717968700378
SSS,32KZ20051216,-0.18790317203982604
SSS,33WA20051004,-0.19910069379934303
SSS,33RO20050906,-0.1864741565325973
SSS,33RO20050911,-0.18440582430243702
SSS,33WA20051007,-0.19429318912353577
SSS,33WA20051018,-0.20172066166290464
SSS,33RO20060914,-0.19395126857333161
SSS,33KF20060512,-0.17456109935949737
SSS,33RO20060312,-0.1800827170702274
SSS,316420060718,-0.18802575831626198
SSS,33RO20060727,-0.17904474451822838
SSS,33RO20060623,-0.18248162373782154
SSS,33RO20060411,-0.1813640111612183
SSS,33RO20070323,-0.18394290117472314
SSS,33RO20070710,-0.1808218657332253
SSS,33RO20070826,-0.18217693569539767
SSS,33RO20070911,-0.1821612275853998
SSS,33RO20090511,-0.1846457750298256
SSS,316420090720,-0.18743595801290847
SSS,316420080616,-0.19143965859228945
SSS,33RO20090617,-0.1836173094189494
SSS,33KF20091121,-0.18012346395625822
SSS,33RO20090914,-0.18170852985100072
SSS,33RO20100426,-0.18167822504028544
SSS,33RO20101109,-0.18171960420060349
SSS,33KF20100415,-0.17938640777176573
SSS,33RO20101128,-0.17886207659139503
SSS,BMBE20101014,-0.18760265897275888
SSS,316420100519,-0.18428295182274002
SSS,BMBE20101202,-0.18935878096987616
SSS,33GG20110712,-0.18480779908185044
SSS,33GG20110617,-0.18382132742569626
SSS,33HH20110909,-0.1852459344491519
SSS,33HH20110301,-0.18366233090475098
SSS,33RO20111121,-0.18258216321121415
SSS,316420100916,-0.1836449683657868
SSS,33RO20110721,-0.18277837039929046
SSS,BMBE20110726,-0.1849763718119769
SSS,74X120110529,-0.18397400966224187
SSS,BMBE20110809,-0.18655781560316365
SSS,33KF20110414,-0.18234376260176566
SSS,BMBE20120703,-0.1839449758372822
SSS,BMBE20120418,-0.1821903958052088
SSS,33RO20120902,-0.1841697490842053
SSS,33RO20120721,-0.18390542550042493
SSS,33RO20120215,-0.18354212489565536
SSS,33GG20131126,-0.18426550445511036
SSS,33GG20130828,-0.18427918970997625
SSS,33HH20130903,-0.18435299323008567
SSS,33HH20130314,-0.18435324090904093
SSS,316420120919,-0.18429482335580813
SSS,316420130125,-0.1845289873558693
SSS,33RO20130718,-0.18432791025181783
SSS,BMBE20121220,-0.1843585509265412
SSS,33RO20130219,-0.18427691711601013
SSS,33RO20130108,-0.18426273052639114
SSS,BMBE20130220,-0.18440100197219841
SSS,33RO20130430,-0.18431907726753816
SSS,316420131028,-0.18216294362710664
SSS,33HH20140908,-0.18422088917371393
SSS,33H620140515,-0.18026612535755565
SSS,33H320141004,-0.18455911525524643
SSS,33H620141103,-0.1826785748079538
SSS,33GG20140605,-0.18547524879807933
SSS,33H620140715,-0.18422760399171728
SSS,33H620141204,-0.18276771821526153
SSS,33H620140402,-0.17908925046122517
SSS,316420141024,-0.18123308615821881
SSS,33GG20150414,-0.18687823705781414
SSS,33GG20150708,-0.18653310027486947
SSS,33HH20150901,-0.18120503495242993
SSS,33GG20151006,-0.184744545661354
SSS,PA1G20151218,-0.187212333456734
SSS,PA1G20151110,-0.1840804549160528
SSS,33GG20160410,-0.18628554113121987
SSS,33GG20160422,-0.1896137664553894
SSS,33GG20160630,-0.18745236686028538
SSS,33GG20160719,-0.18755812280033898
SSS,33GG20160809,-0.18857013749350454
SSS,33HH20160908,-0.18005339686869187
SSS,33H620160417,-0.17182067787810434
SSS,PA1G20160427,-0.18595214370095908
SSS,33WA20160531,-0.18685011388141717
SSS,33HH20160408,-0.18812577128547814
SSS,PA1G20160531,-0.18978119609617644
SSS,PA1G20161214,-0.18922667863482193
SSS,33GG20170610,-0.18720203850503267
SSS,316420160805,-0.18072256819556864
SSS,33GG20171010,-0.1869492132969822
SSS,33HH20170306,-0.1902278172777527
SSS,316420170601,-0.19094782322406895
SSS,316420170810,-0.1829688803558509
SSS,PA1G20170207,-0.189595509790399
SSS,33HH20180718,-0.18610859924405046
SSS,33GG20180902,-0.18878321098699055
SSS,33RO20180216,-0.18765547612435426
SSS,33RO20180222,-0.19314618397740552
SSS,33HH20180801,-0.19087410736323865
SSS,33GG20180711,-0.19015061808067407
SSS,33GG20190908,-0.15350584048706267
SSS,33RO20191203,-0.1951365280358771
SSS,33RO20190409,-0.19194920762354373
SSS,33HH20190308,-0.18655639709093003
SSS,316420180827,-0.145516121050589
SSS,33HH20190903,-0.15436365512095523
SSS,33RO20190528,-0.18178357448060348
SSS,33RO20190301,-0.19002349925169298
SSS,33HH20200302,-0.19011237744103263
SSS,33HH20201027,-0.19437812222961257
SSS,33HH20210909,-0.1716856832333466
SSS,33WA20210523,-0.19727425105138352
SSS,58LH20211128,-0.17294551159450433
SSS,33WA20210818,-0.18692294495759626
SSS,33RO20220906,-0.19108453393978295
SSS,35MJ20221017,-0.19380939357432989
SSS,33HH20220301,-0.20022846576370873
SSS,PANC20220520,-0.1981242840839546
SSS,33HH20220907,-0.19161844404906792
SSS,33GG20230404,-0.20260898363960406
SSS,MLYD20230916,-0.18778473352849742
SSS,33HH20230907,-0.18640629486899224
SSS,MLYD20230920,-0.1887936158370929
SSS,33HH20240304,-0.1339246927110709
SSS,33H420240502,-0.1506238502943155
