group_key,year,month,records,value,latitude,longitude,variable
334A20140510,2014.0,5.0,3,2379.400146484375,29.3125,-78.36216735839844,TA
33GG20170610,2017.0,6.0,1,2384.199951171875,32.86330032348633,-77.25830078125,TA
33H620140402,2014.0,4.0,38,2288.697265625,31.274328231811523,-80.67906188964844,TA
33H620140515,2014.0,5.0,41,2264.1025390625,31.387653350830078,-80.78140258789062,TA
33H620140715,2014.0,7.0,91,2344.915283203125,31.384258270263672,-80.75621032714844,TA
33H620140923,2014.0,9.0,83,2305.81689453125,31.378774642944336,-80.75263214111328,TA
33H620141103,2014.0,11.0,38,2310.83935546875,31.314617156982422,-80.87190246582031,TA
33H620141204,2014.0,12.0,72,2323.709716796875,31.353342056274414,-80.77078247070312,TA
33HH20130314,2013.0,3.0,1,2361.89990234375,35.02870178222656,-75.19120025634766,TA
33HH20180625,2018.0,7.0,43,2362.61376953125,31.542491912841797,-78.84644317626953,TA
33RO20070710,2007.0,7.0,12,2362.75,31.03266716003418,-79.85717010498047,TA
33RO20120721,2012.0,8.0,12,2360.833251953125,31.0989990234375,-80.02307891845703,TA
33WA20051007,2005.0,10.0,5,2359.199951171875,32.225399017333984,-78.49420166015625,TA
NPSNOAA2021,2021.0,8.0,1,2434.800048828125,30.462400436401367,-81.4291000366211,TA
316420060718,2006.0,7.5,10,35.66230219781115,31.375,279.125,SSS
316420080616,2009.0,5.0,9,35.09070436416076,31.375,279.125,SSS
316420090720,2009.0,8.0,9,35.50550938580936,31.375,279.125,SSS
316420100519,2010.0,7.0,5,35.81638996929429,31.375,280.0,SSS
316420100916,2011.0,6.0,11,35.93314553101419,31.375,280.0,SSS
316420120919,2013.0,1.0,1,36.09846357615894,31.375,280.0,SSS
316420130125,2013.0,5.5,10,34.869583676418834,31.0,279.5,SSS
316420131028,2014.0,6.0,5,34.716916245428074,31.0,280.0,SSS
316420141024,2015.0,6.5,12,35.022197093115395,31.375,279.125,SSS
316420160805,2017.0,6.0,11,35.28392808927505,31.375,279.125,SSS
316420170601,2017.0,6.5,2,36.38738466316292,31.375,279.125,SSS
316420170810,2017.0,9.5,6,35.52633846567711,31.375,279.125,SSS
316420180827,2019.0,3.5,6,32.877083639360634,31.375,279.125,SSS
32KZ20050106,2005.0,1.0,207,35.69649495758892,31.707729468599034,280.7475845410628,SSS
32KZ20050319,2005.0,3.0,256,35.64495446503575,31.7890625,280.8857421875,SSS
32KZ20050727,2005.0,8.0,230,35.4308467120459,31.389130434782608,280.87554347826085,SSS
32KZ20051008,2005.0,10.0,228,35.46800004140837,31.58388157894737,280.87390350877195,SSS
32KZ20051216,2005.0,12.0,195,35.71462949925579,31.74230769230769,280.81538461538463,SSS
33GG20110617,2011.0,6.0,7,35.897207792207794,30.964285714285715,282.75,SSS
33GG20110712,2011.0,7.0,187,35.696188571889394,31.203877005347593,281.4846256684492,SSS
33GG20130828,2013.0,9.0,152,36.1805080967441,33.2985197368421,282.88651315789474,SSS
33GG20131126,2013.0,11.0,89,36.25232756780509,32.09550561797753,281.38904494382024,SSS
33GG20140605,2014.0,6.0,86,36.24630028741099,31.963662790697676,281.4404069767442,SSS
33GG20150414,2015.0,4.0,58,36.26969757777542,30.75862068965517,282.3685344827586,SSS
33GG20150708,2015.0,7.0,189,36.19342710925198,31.891534391534393,281.67261904761904,SSS
33GG20151006,2015.0,10.0,83,35.79818120938404,32.26355421686747,281.8990963855422,SSS
33GG20160410,2016.0,4.0,104,35.974283326399906,31.219951923076923,280.72836538461536,SSS
33GG20160422,2016.0,4.0,7,36.45726666666667,34.607142857142854,284.375,SSS
33GG20160630,2016.0,7.0,5,36.143610019530016,35.0,284.775,SSS
33GG20160719,2016.0,7.0,193,36.15895704450751,31.22862694300518,281.3134715025907,SSS
33GG20160809,2016.0,8.0,93,36.30581796565792,32.274193548387096,282.4758064516129,SSS
33GG20170610,2017.0,6.0,108,35.98315897284336,32.28125,281.99768518518516,SSS
33GG20171010,2017.0,10.0,71,35.95587538557915,31.720070422535212,281.63380281690144,SSS
33GG20180711,2018.0,7.0,64,36.15486989362627,31.259765625,281.662109375,SSS
33GG20180902,2018.0,9.0,101,36.037550044110446,32.179455445544555,281.16212871287127,SSS
33GG20190908,2019.0,9.0,2,33.44530653061224,35.0625,284.75,SSS
33GG20230404,2023.0,4.0,28,36.32874466357516,30.017857142857142,282.23660714285717,SSS
33H320141004,2014.0,10.0,10,35.823295778945564,33.3,283.5125,SSS
33H420240502,2024.0,5.0,16,34.272876387308436,34.375,283.8125,SSS
33H620140402,2014.0,4.0,37,33.297706047331914,31.341216216216218,279.36486486486484,SSS
33H620140515,2014.0,5.0,32,33.841102139465484,31.37109375,279.26953125,SSS
33H620140715,2014.0,7.0,35,35.670227746259236,31.435714285714287,279.2607142857143,SSS
33H620141103,2014.0,11.0,36,34.9549975992989,31.25347222222222,279.2673611111111,SSS
33H620141204,2014.0,12.0,39,34.99615760646804,31.419871794871796,279.375,SSS
33H620160417,2016.0,4.0,31,33.87518026394846,31.342741935483872,279.35483870967744,SSS
33HH20110301,2011.0,3.0,24,35.92960746276503,34.8125,284.34375,SSS
33HH20110909,2011.0,9.0,24,35.606907111667574,34.880208333333336,284.390625,SSS
33HH20130314,2013.0,3.0,22,35.7918914431991,34.85227272727273,284.4261363636364,SSS
33HH20130903,2013.0,9.0,21,35.79319124884407,34.88095238095238,284.44642857142856,SSS
33HH20140908,2014.0,9.0,21,35.667127326772956,34.785714285714285,284.3392857142857,SSS
33HH20150901,2015.0,9.0,17,35.015998163549,34.875,284.43382352941177,SSS
33HH20160408,2016.0,4.0,15,36.241332705631706,34.95,284.4916666666667,SSS
33HH20160908,2016.0,9.0,20,35.069890877041985,34.925,284.39375,SSS
33HH20170306,2017.0,3.0,19,36.30968534979748,34.848684210526315,284.4342105263158,SSS
33HH20180718,2018.0,7.0,163,35.80807555283093,31.62116564417178,281.50383435582825,SSS
33HH20180801,2018.0,8.0,74,36.2169433274624,31.907094594594593,282.0135135135135,SSS
33HH20190308,2019.0,3.0,16,35.79583748232402,34.8828125,284.453125,SSS
33HH20190903,2019.0,9.0,18,33.506313668009874,34.923611111111114,284.4583333333333,SSS
33HH20200302,2020.0,3.0,20,35.970118113303194,34.8375,284.41875,SSS
33HH20201027,2020.0,10.0,6,36.22885706744868,34.916666666666664,284.6666666666667,SSS
33HH20210909,2021.0,9.0,25,34.93347053471722,34.845,284.37,SSS
33HH20220301,2022.0,3.0,22,36.32538907498474,34.86931818181818,284.4318181818182,SSS
33HH20220907,2022.0,9.0,23,35.92331170809373,34.880434782608695,284.44565217391306,SSS
33HH20230907,2023.0,9.0,22,35.65145785989726,34.84090909090909,284.4318181818182,SSS
33HH20240304,2024.0,3.0,29,33.64195185170876,34.85344827586207,284.4094827586207,SSS
33KF20060512,2006.0,5.0,27,36.45991335978836,30.041666666666668,282.0833333333333,SSS
33KF20091121,2009.0,11.0,66,36.2631232970733,31.357954545454547,282.0113636363636,SSS
33KF20100415,2010.0,4.0,1,36.4895,35.125,285.0,SSS
33KF20110414,2011.0,4.0,1,36.1983,35.125,285.0,SSS
33RO20020325,2002.0,3.0,36,36.02606029541446,29.756944444444443,280.47569444444446,SSS
33RO20020617,2002.0,6.0,33,36.20202525252525,29.704545454545453,280.82575757575756,SSS
33RO20020817,2002.0,8.0,40,36.03530817307693,30.328125,280.253125,SSS
33RO20020827,2002.0,8.0,62,36.126198924731185,31.409274193548388,281.5806451612903,SSS
33RO20030310,2003.0,3.0,29,35.97040804597701,31.594827586206897,281.4655172413793,SSS
33RO20030605,2003.0,6.0,35,35.861509523809524,33.67857142857143,283.02142857142854,SSS
33RO20040430,2004.0,5.0,48,36.19220833333333,33.760416666666664,282.8567708333333,SSS
33RO20040922,2004.0,9.0,30,36.15061587301587,30.3125,280.0208333333333,SSS
33RO20050906,2005.0,9.0,45,35.78853703703704,33.75277777777778,282.825,SSS
33RO20050911,2005.0,9.0,40,35.89550952380952,30.221875,280.71875,SSS
33RO20060312,2006.0,3.0,29,36.13282717569786,30.25,280.375,SSS
33RO20060411,2006.0,4.0,25,36.05692666666667,32.78,282.075,SSS
33RO20060623,2006.0,7.0,6,35.990722222222225,32.5,282.8125,SSS
33RO20060727,2006.0,7.0,43,36.19431395348837,30.561046511627907,279.57848837209303,SSS
33RO20060914,2006.0,9.0,35,35.31129047619048,30.582142857142856,280.4,SSS
33RO20070323,2007.0,3.0,9,35.88988888888889,28.88888888888889,279.7638888888889,SSS
33RO20070710,2007.0,7.0,141,36.10585020052791,31.79964539007092,281.22872340425533,SSS
33RO20070826,2007.0,9.0,37,36.01208558558558,33.4054054054054,282.2128378378378,SSS
33RO20070911,2007.0,9.0,57,36.01317251461989,31.024122807017545,280.7543859649123,SSS
33RO20090511,2009.0,5.0,57,35.79458742492703,33.63377192982456,282.7785087719298,SSS
33RO20090617,2009.0,6.0,25,35.90114202148729,31.65,281.535,SSS
33RO20090914,2009.0,9.0,35,36.098901902454266,30.50357142857143,280.37142857142857,SSS
33RO20100426,2010.0,5.0,23,36.17445224878489,32.32065217391305,281.82065217391306,SSS
33RO20101109,2010.0,11.0,47,36.16876400671408,29.648936170212767,280.0824468085106,SSS
33RO20101128,2010.0,12.0,20,36.56157789274322,31.3875,281.825,SSS
33RO20110721,2011.0,7.0,11,36.109737373737374,32.06818181818182,282.3181818181818,SSS
33RO20111121,2011.0,12.0,14,36.149719684148344,31.589285714285715,281.91964285714283,SSS
33RO20120215,2012.0,3.0,48,36.09031667635233,30.838541666666668,280.9427083333333,SSS
33RO20120721,2012.0,8.0,138,35.94768634177942,31.82518115942029,281.3342391304348,SSS
33RO20120902,2012.0,9.0,25,35.84391398165852,32.58,281.83,SSS
33RO20130108,2013.0,1.0,17,36.26688499441735,32.13970588235294,281.93382352941177,SSS
33RO20130219,2013.0,3.0,33,36.19243454590701,30.526515151515152,280.375,SSS
33RO20130430,2013.0,5.0,80,35.97118037033832,33.515625,282.703125,SSS
33RO20130718,2013.0,7.0,28,35.92482535064142,33.47767857142857,282.9330357142857,SSS
33RO20180216,2018.0,2.0,9,35.94079342716042,32.55555555555556,280.4583333333333,SSS
33RO20180222,2018.0,2.0,53,36.41188138774722,31.30188679245283,281.35849056603774,SSS
33RO20190301,2019.0,3.0,24,36.04241520382191,32.302083333333336,281.5833333333333,SSS
33RO20190409,2019.0,4.0,147,36.17937014791742,32.48809523809524,282.0765306122449,SSS
33RO20190528,2019.0,6.0,24,35.45639789566102,32.729166666666664,282.0052083333333,SSS
33RO20191203,2019.0,12.0,1,36.40605,28.5,280.625,SSS
33RO20220906,2022.0,9.0,207,35.89837876622524,31.277173913043477,281.09722222222223,SSS
33WA20051004,2005.0,10.0,27,35.135502640022054,30.050925925925927,279.5,SSS
33WA20051007,2005.0,10.0,222,35.38414293235146,31.699324324324323,280.87443693693695,SSS
33WA20051018,2005.0,10.0,1,35.0,31.625,279.125,SSS
33WA20160531,2016.0,6.0,98,36.056212644927115,30.2359693877551,279.7716836734694,SSS
33WA20210523,2021.0,5.0,84,36.28476074755262,30.038690476190474,280.57886904761904,SSS
33WA20210818,2021.0,8.0,85,35.73812528463548,30.13235294117647,280.5926470588235,SSS
35MJ20221017,2022.0,11.0,33,36.0256263415877,28.803030303030305,281.29545454545456,SSS
58LH20211128,2021.0,12.0,70,35.0,31.305357142857144,281.66785714285714,SSS
74X120110529,2011.0,6.0,93,35.866094821089376,32.07795698924731,281.24059139784947,SSS
BMBE20101014,2010.0,11.0,49,35.3600419494621,30.96938775510204,280.734693877551,SSS
BMBE20101202,2010.0,12.0,67,35.118634271088084,31.886194029850746,281.4589552238806,SSS
BMBE20110726,2011.0,7.0,10,35.661837500000004,28.7,281.7,SSS
BMBE20110809,2011.0,8.0,61,35.3395772547125,31.059426229508198,280.41188524590166,SSS
BMBE20120418,2012.0,5.0,1,36.621,28.75,281.75,SSS
BMBE20120703,2012.0,8.0,5,35.932159040959036,28.55,281.75,SSS
BMBE20121220,2013.0,2.0,54,35.76402476099139,30.939814814814813,280.68518518518516,SSS
BMBE20130220,2013.0,3.0,65,35.54124398890369,31.065384615384616,280.5923076923077,SSS
MLYD20230916,2023.0,9.0,22,35.70907782205168,33.98863636363637,283.78977272727275,SSS
MLYD20230920,2023.0,9.0,1,35.75125,35.125,285.0,SSS
PA1G20151110,2015.0,11.0,95,35.651426314544544,32.310526315789474,281.3486842105263,SSS
PA1G20151218,2015.0,12.0,28,36.34352827371042,30.102678571428573,282.05357142857144,SSS
PA1G20160427,2016.0,5.0,127,35.925901564704176,31.679133858267715,281.64271653543307,SSS
PA1G20160531,2016.0,6.0,34,36.481563617531165,30.154411764705884,282.0625,SSS
PA1G20161214,2016.0,12.0,108,36.40109349617952,32.52777777777778,282.54050925925924,SSS
PA1G20170207,2017.0,2.0,2,36.24145,35.0625,284.875,SSS
PANC20220520,2022.0,6.0,30,36.2271263925786,29.375,280.04583333333335,SSS
