min_island_area_km2,latitude_bin_lower,latitude_bin_upper,product_nodes,product_area_km2
0,-80,-70,47801,2615793.9152308935
0,-70,-60,78347,6197574.01888205
0,-60,-50,48332,5395122.814223025
0,-50,-40,44114,5989312.1000813255
0,-40,-30,49124,7754946.292359344
0,-30,-20,71420,12542947.573173642
0,-20,-10,93092,17356678.76571939
0,-10,0,91667,17612805.566931687
0,0,10,88203,16955684.84336663
0,10,20,86323,16092530.416675441
0,20,30,69084,12134745.187113903
0,30,40,49778,7866090.740322433
0,40,50,42819,5865225.538218727
0,50,60,74312,8130477.516041102
0,60,70,64095,5245447.3801503945
0,70,80,142111,7088722.166135829
0,80,90,51277,1360761.6034492934
1400,-80,-70,47590,2603131.109992137
1400,-70,-60,66768,5217015.837154863
1400,-60,-50,19507,2217610.820334887
1400,-50,-40,25528,3475814.1076455927
1400,-40,-30,32991,5194312.231024632
1400,-30,-20,29433,5173731.011002412
1400,-20,-10,46137,8607010.59877245
1400,-10,0,45183,8683719.272912718
1400,0,10,46893,9015626.283992847
1400,10,20,55355,10315492.339790054
1400,20,30,40442,7115759.7279609395
1400,30,40,37587,5928606.506208243
1400,40,50,37557,5143635.47233979
1400,50,60,63231,6881944.195507887
1400,60,70,61268,5026516.6123980805
1400,70,80,132940,6637930.8945042575
1400,80,90,50251,1328513.124747459
4748,-80,-70,47590,2603131.109992137
4748,-70,-60,65658,5119598.170753997
4748,-60,-50,12937,1482796.8628259113
4748,-50,-40,25409,3460899.446591475
4748,-40,-30,32853,5173537.771256763
4748,-30,-20,26895,4720080.434707414
4748,-20,-10,37965,7083419.10876931
4748,-10,0,42034,8076724.2234339155
4748,0,10,43843,8427956.97970711
4748,10,20,51483,9591896.759989576
4748,20,30,37152,6539053.682127578
4748,30,40,36947,5822728.004816093
4748,40,50,35308,4844055.454702486
4748,50,60,59511,6456983.399805361
4748,60,70,61092,5010780.236474771
4748,70,80,131914,6593431.564340398
4748,80,90,43922,1167966.3966392265
