location,latitude,longitude,distance_gt0km2_km,distance_gt1400km2_km,distance_gt4748km2_km
Honolulu/Oahu,21.307,-157.858,4.6,4.6,234.10000000000002
Hawaii/Big Island,19.593,-155.428,-32.35000000000001,-32.35000000000001,-32.35000000000001
Reunion,-21.115,55.536,-20.1,-20.1,706.5
Galapagos/Isabela,-0.83,-91.13,-15.000000000000002,-15.000000000000002,1133.65
New Caledonia,-21.3,165.5,-7.800000000000001,-7.800000000000001,-7.800000000000001
Azores/Sao Miguel,37.78,-25.5,-4.2,1314.2,1399.8000000000002
Iceland,64.963,-19.021,-82.0,-82.0,-82.0
Madagascar,-18.766,46.869,-229.3,-229.3,-229.3
New Zealand,-41.286,174.776,-3.6,-3.6,-3.6
Japan,35.676,139.65,-11.500000000000002,-11.500000000000002,-11.500000000000002
