outer_scheme,candidate,coverage50,coverage90,median_width50,median_width90
cruise,carter_esper_predicted_sss,0.38253638253638256,0.9542619542619543,78.68998247309537,291.68015867793474
cruise,hierarchical_oracle_insitu_sss,0.5583333333333333,0.825,27.49752972132046,44.665088412481964
cruise,hierarchical_subregion_regime_ta_sss,0.49480249480249483,0.8627858627858628,83.15627201985444,246.8136469161882
cruise,nonlinear_residual_gradient_boosting,0.5717255717255717,0.9417879417879418,67.2536703005917,188.90479073390088
cruise,robust_mab_ta_sss,0.4594594594594595,0.9230769230769231,84.73725868650399,276.6869729425416
forward,carter_esper_predicted_sss,0.2682926829268293,0.7804878048780488,76.12498038201284,181.5877652066829
forward,hierarchical_oracle_insitu_sss,0.5772357723577236,0.8943089430894309,22.09467167080038,43.20859256550284
forward,hierarchical_subregion_regime_ta_sss,0.5203252032520326,0.9349593495934959,84.19007899678127,213.9422163567524
forward,nonlinear_residual_gradient_boosting,0.7235772357723578,0.967479674796748,88.12377952954648,191.39991385463145
forward,robust_mab_ta_sss,0.45528455284552843,0.9349593495934959,80.15128417113738,218.53165438497035
spatial_block,carter_esper_predicted_sss,0.6070686070686071,0.9106029106029107,169.18460790959034,386.17368287063437
spatial_block,hierarchical_oracle_insitu_sss,0.35208333333333336,0.725,20.631374902150128,56.772332723165164
spatial_block,hierarchical_subregion_regime_ta_sss,0.5467775467775468,0.7879417879417879,101.20169200897453,191.32381750656168
spatial_block,nonlinear_residual_gradient_boosting,0.47193347193347196,0.9002079002079002,71.0279534764868,266.7247943135462
spatial_block,robust_mab_ta_sss,0.6112266112266113,0.8440748440748441,123.97376367419929,217.17287893929006
subregion,carter_esper_predicted_sss,0.4573804573804574,0.8191268191268192,88.11268565115097,336.49165407721557
subregion,hierarchical_oracle_insitu_sss,0.5604166666666667,0.7875,41.44069208331075,64.60409742319007
subregion,hierarchical_subregion_regime_ta_sss,0.4698544698544699,0.8503118503118503,80.6775437764718,256.43271216054836
subregion,nonlinear_residual_gradient_boosting,0.25363825363825365,0.8045738045738046,72.07928192585405,236.34495257009075
subregion,robust_mab_ta_sss,0.5426195426195426,0.8877338877338877,113.37188219176369,271.6188530184945
