outer_scheme,candidate,n,cruises,years,rmse,mae,bias,r2,coverage50,coverage90,median_width50,median_width90,grade_ab_fraction,primary_skill_vs_carter_esper_predicted_sss,primary_skill_vs_robust_mab_ta_sss
cruise,carter_esper_predicted_sss,481,33,12,81.31279067998709,60.81489798946762,12.482930240947109,-0.44259202813346454,0.38253638253638256,0.9542619542619543,78.68998247309537,291.68015867793474,0.0,0.34265356451456275,0.020036544226540554
cruise,hierarchical_oracle_insitu_sss,480,33,12,20.841774648308153,14.52397972477676,-2.0340476049295355,0.9051820464404082,0.5583333333333333,0.825,27.49752972132046,44.665088412481964,1.0,0.34265356451456275,0.020036544226540554
cruise,hierarchical_subregion_regime_ta_sss,481,33,12,65.92589320237263,48.640212272301966,-1.7796787578513942,0.05171727244675994,0.49480249480249483,0.8627858627858628,83.15627201985444,246.8136469161882,0.2494802494802495,0.34265356451456275,0.020036544226540554
cruise,nonlinear_residual_gradient_boosting,481,33,12,52.73239459229762,37.940430179744745,0.6151583656716783,0.3932905193160342,0.5717255717255717,0.9417879417879418,67.2536703005917,188.90479073390088,0.0,0.34265356451456275,0.020036544226540554
cruise,robust_mab_ta_sss,481,33,12,66.59645047355077,50.30792891689533,-0.6144577610495906,0.0323284792239672,0.4594594594594595,0.9230769230769231,84.73725868650399,276.6869729425416,0.0,0.34265356451456275,0.020036544226540554
forward,carter_esper_predicted_sss,123,6,2,78.11784353534404,65.88163927134954,4.768670621616976,-0.3287483884511848,0.2682926829268293,0.7804878048780488,76.12498038201284,181.5877652066829,0.0,0.4327603207363373,0.10801810398153999
forward,hierarchical_oracle_insitu_sss,123,6,2,15.188133260320365,11.082615168588102,-1.6479644720602515,0.9497714019195784,0.5772357723577236,0.8943089430894309,22.09467167080038,43.20859256550284,1.0,0.4327603207363373,0.10801810398153999
forward,hierarchical_subregion_regime_ta_sss,123,6,2,58.834700547445074,48.352952799052105,-5.72339188945779,0.24628119031284135,0.5203252032520326,0.9349593495934959,84.19007899678127,213.9422163567524,0.0,0.4327603207363373,0.10801810398153999
forward,nonlinear_residual_gradient_boosting,123,6,2,43.00423980746142,33.3856374993989,-7.280245169821491,0.5973155967708232,0.7235772357723578,0.967479674796748,88.12377952954648,191.39991385463145,0.0,0.4327603207363373,0.10801810398153999
forward,robust_mab_ta_sss,123,6,2,62.295335255581406,51.733684957645686,-4.697784192438321,0.15500660601797678,0.45528455284552843,0.9349593495934959,80.15128417113738,218.53165438497035,0.0,0.4327603207363373,0.10801810398153999
spatial_block,carter_esper_predicted_sss,481,33,12,75.38381471456239,58.4383556984201,-0.8147193353960841,-0.23988674259103804,0.6070686070686071,0.9106029106029107,169.18460790959034,386.17368287063437,0.08108108108108109,0.004318690866366159,-0.17325337357438708
spatial_block,hierarchical_oracle_insitu_sss,480,33,12,26.590009261163836,20.210230432810008,-0.9062715011900849,0.8456672256155024,0.35208333333333336,0.725,20.631374902150128,56.772332723165164,0.7583333333333333,0.004318690866366159,-0.17325337357438708
spatial_block,hierarchical_subregion_regime_ta_sss,481,33,12,75.22085888919614,55.9132089673149,-11.762908706844458,-0.2345320550404817,0.5467775467775468,0.7879417879417879,101.20169200897453,191.32381750656168,0.08108108108108109,0.004318690866366159,-0.17325337357438708
spatial_block,nonlinear_residual_gradient_boosting,481,33,12,69.84382566985734,53.35258341574495,8.240844176756275,-0.06434355424087812,0.47193347193347196,0.9002079002079002,71.0279534764868,266.7247943135462,0.08108108108108109,0.004318690866366159,-0.17325337357438708
spatial_block,robust_mab_ta_sss,481,33,12,69.44522385089782,52.136860821404554,-7.583237715489868,-0.05222970830197182,0.6112266112266113,0.8440748440748441,123.97376367419929,217.17287893929006,0.0,0.004318690866366159,-0.17325337357438708
subregion,carter_esper_predicted_sss,481,33,12,75.38381471456239,58.43835569842009,-0.8147193353960831,-0.2398867425910376,0.4573804573804574,0.8191268191268192,88.11268565115097,336.49165407721557,0.1101871101871102,0.22996619488327597,0.036157518853384585
subregion,hierarchical_oracle_insitu_sss,480,33,12,24.175945991314997,17.946827903856853,-0.05136257664588489,0.8724183719544529,0.5604166666666667,0.7875,41.44069208331075,64.60409742319007,0.7979166666666667,0.22996619488327597,0.036157518853384585
subregion,hierarchical_subregion_regime_ta_sss,481,33,12,66.15048099677514,50.61528841784672,6.137861952211684,0.04524529368884278,0.4698544698544699,0.8503118503118503,80.6775437764718,256.43271216054836,0.1101871101871102,0.22996619488327597,0.036157518853384585
subregion,nonlinear_residual_gradient_boosting,481,33,12,78.93699890462527,66.13493278814839,21.575072818016903,-0.3595244329989846,0.25363825363825365,0.8045738045738046,72.07928192585405,236.34495257009075,0.1101871101871102,0.22996619488327597,0.036157518853384585
subregion,robust_mab_ta_sss,481,33,12,67.37983986299376,52.468194320827024,7.2091796812399975,0.009428692979632336,0.5426195426195426,0.8877338877338877,113.37188219176369,271.6188530184945,0.1101871101871102,0.22996619488327597,0.036157518853384585
