target,region,artifact_type,path,sha256
SSS,North-American-adjacent P1 evaluation domain,report,docs/experiment_archive/p1_sss_reliability_v2.2/REPORT.md,e4ab83bbb8f04cade515c12225a812e717f1fd7d0309c5531f3ada491e9d33d2
SSS,North-American-adjacent P1 evaluation domain,manifest,docs/experiment_archive/p1_sss_reliability_v2.2/archive_manifest.json,87c9baf1d4dc4318e2b0a1f066563eeaab936a9dc63d1bd38510a3a267aea01c
fCO2,Caribbean Sea LME 12,report,docs/experiment_archive/p1_fco2_reliability_v2.2/REPORT.md,3fd5d9757d2dc5b9eff9e73a6aa685e4092dc60a4fff95b2896f28ea95bca0c4
fCO2,Caribbean Sea LME 12,manifest,docs/experiment_archive/p1_fco2_reliability_v2.2/archive_manifest.json,1071b156200ce97fa824fd837d44e2250fdc97185b154f22dc1f55dbf5c5d61a
fCO2,all other evaluated LMEs,report,docs/experiment_archive/p1_fco2_reliability_v2.2/REPORT.md,3fd5d9757d2dc5b9eff9e73a6aa685e4092dc60a4fff95b2896f28ea95bca0c4
fCO2,all other evaluated LMEs,manifest,docs/experiment_archive/p1_fco2_reliability_v2.2/archive_manifest.json,1071b156200ce97fa824fd837d44e2250fdc97185b154f22dc1f55dbf5c5d61a
TA,Mid-Atlantic Bight LME 7,report,docs/experiment_archive/p1_ta_mab_reliability_v2.2/REPORT.md,cd02f9728ef8eba1d191c17f1a65898501d1563c540c65df65835d5d87b1b6d5
TA,Mid-Atlantic Bight LME 7,manifest,docs/experiment_archive/p1_ta_mab_reliability_v2.2/archive_manifest.json,92c6085a1a4d9eff95d7ceac15f702f17c81133caae61fd95803d1f2490eff19
TA,South Atlantic Bight LME 6,report,docs/experiment_archive/p1_ta_bights_v2.2/REPORT.md,9af3f2cd42e8c4d895547c81a54c7917cb528ef891d7adcb0e7971b97fb7f439
TA,South Atlantic Bight LME 6,manifest,docs/experiment_archive/p1_ta_bights_v2.2/archive_manifest.json,384011c87afa3b970985e8c48c024962f9851d063a3ea6e3c509faa4ddd214e2
DIC,Mid-Atlantic Bight LME 7,report,docs/experiment_archive/p1_dic_reliability_v2.2/REPORT.md,8253a4ef004d4505c4c2b4fa823f9de5f46b7f81a1fa2076b2610f217cd2572f
DIC,Mid-Atlantic Bight LME 7,manifest,docs/experiment_archive/p1_dic_reliability_v2.2/archive_manifest.json,97b20b97eb11ec0b2d6c9dcea334b6501acfe662a4884befc6255c58ba76e20f
