model,group,n,rmse_mean,background_rmse,skill_mean,skill_sd
CatBoost residual,-1,13726,26.73559586935147,48.01713171899902,0.6899459004247435,0.008138981727617572
CatBoost residual,1,2962,45.53548443037514,63.73813510822793,0.489589830926862,0.008073433193891033
CatBoost residual,11,2399,25.29947068557466,33.79860131517589,0.4396315622899451,0.01448979022184184
CatBoost residual,12,18450,10.965288188572517,11.60707422800264,0.10723053257115626,0.03965747741117339
CatBoost residual,17,159,74.23810573974026,73.90799710081045,-0.008963098463777366,0.007852570531697654
CatBoost residual,18,6019,23.314188974599617,26.74834131517792,0.24024349647895513,0.014787194675241522
CatBoost residual,2,5803,55.077364877822596,87.65924377303016,0.6052214459639303,0.0024053366775451837
CatBoost residual,3,6235,55.81645969505849,69.87365951685865,0.3618401102425411,0.01335874013745079
CatBoost residual,5,5317,48.61046833154595,57.5892332213808,0.28743647361972646,0.0180600057038374
CatBoost residual,54,1592,59.932256647490114,75.0085853423511,0.3615567030480686,0.011381183488491858
CatBoost residual,55,30,102.83086268015,75.55049039102909,-0.8801720210321395,0.5773324445173174
CatBoost residual,6,3678,18.95864103027702,21.758088373148535,0.24071008318985063,0.016631916272978862
CatBoost residual,63,97,70.87518977698892,76.3807791650966,0.13642128166704084,0.11660647446279554
CatBoost residual,7,9148,39.045117602366865,46.0799457444646,0.28197465678599537,0.014644878836867896
CatBoost residual,8,1297,27.218116118590313,25.189532700197336,-0.16764870853961103,0.026127626582005854
CatBoost residual,9,1757,41.07764285145212,42.18992175324436,0.051944847626319436,0.022361013755520215
Point MLP residual,-1,13726,32.64389825276245,48.01713171899902,0.5377354693412623,0.015194697216499594
Point MLP residual,1,2962,58.92807470562468,63.73813510822793,0.1450334356459273,0.03214121356531231
Point MLP residual,11,2399,28.356081293311423,33.79860131517589,0.2961212117833422,0.004464403742562259
Point MLP residual,12,18450,9.56741619686417,11.60707422800264,0.3204619812043989,0.021139717574027685
Point MLP residual,17,159,64.06954844522808,73.90799710081045,0.24843394786086545,0.01915753735422295
Point MLP residual,18,6019,25.752213588215056,26.74834131517792,0.07296762854748377,0.0266809055197384
Point MLP residual,2,5803,70.47858942106281,87.65924377303016,0.3535416020844871,0.011184559245964395
Point MLP residual,3,6235,63.00173135787498,69.87365951685865,0.1870003539104158,0.010643203955769157
Point MLP residual,5,5317,57.40051267854679,57.5892332213808,0.006540003646049733,0.004421952477696176
Point MLP residual,54,1592,65.58993669363099,75.0085853423511,0.23535143175042897,0.00872704056311302
Point MLP residual,55,30,101.74661522692918,75.55049039102909,-0.8165959115848963,0.17510761500152813
Point MLP residual,6,3678,20.20959876292373,21.758088373148535,0.1372412420336562,0.012637970277125083
Point MLP residual,63,97,42.777553863165714,76.3807791650966,0.6861639738240474,0.017959831648545217
Point MLP residual,7,9148,44.181242488268595,46.0799457444646,0.08071077825893468,0.0016604901475629392
Point MLP residual,8,1297,26.518482109219388,25.189532700197336,-0.1088411085291513,0.060248702569385436
Point MLP residual,9,1757,40.607635031449384,42.18992175324436,0.072870645994588,0.06322712427736542
Ridge residual,-1,13726,47.45787925833604,48.01713171899902,0.0231582209076739,
Ridge residual,1,2962,66.30604990552483,63.73813510822793,-0.0822001939485581,
Ridge residual,11,2399,30.157731240818187,33.79860131517589,0.2038408758865669,
Ridge residual,12,18450,12.188221804282826,11.607074228002642,-0.1026436340038567,
Ridge residual,17,159,74.92669466470494,73.90799710081045,-0.0277566196165437,
Ridge residual,18,6019,28.43434905860372,26.74834131517792,-0.1300375332680605,
Ridge residual,2,5803,81.64001080461681,87.65924377303017,0.1326174762989804,
Ridge residual,3,6235,66.22864300232173,69.87365951685865,0.1016103609686259,
Ridge residual,5,5317,58.74708060394408,57.5892332213808,-0.0406147724940715,
Ridge residual,54,1592,72.24870591015922,75.0085853423511,0.0722345493854955,
Ridge residual,55,30,94.01205234400796,75.55049039102909,-0.5484332629976887,
Ridge residual,6,3678,21.41928217707648,21.75808837314853,0.0309005395150835,
Ridge residual,63,97,61.36528765245116,76.3807791650966,0.354528041150557,
Ridge residual,7,9148,45.56335016883401,46.0799457444646,0.0222960261070905,
Ridge residual,8,1297,27.293581317496947,25.189532700197336,-0.1740344176776234,
Ridge residual,9,1757,44.39929565710577,42.18992175324436,-0.1074770146487256,
Seasonal-trend climatology,-1,13726,48.01713171899902,48.01713171899902,0.0,
Seasonal-trend climatology,1,2962,63.73813510822793,63.73813510822793,0.0,
Seasonal-trend climatology,11,2399,33.79860131517589,33.79860131517589,0.0,
Seasonal-trend climatology,12,18450,11.607074228002642,11.607074228002642,0.0,
Seasonal-trend climatology,17,159,73.90799710081045,73.90799710081045,0.0,
Seasonal-trend climatology,18,6019,26.74834131517792,26.74834131517792,0.0,
Seasonal-trend climatology,2,5803,87.65924377303017,87.65924377303017,0.0,
Seasonal-trend climatology,3,6235,69.87365951685865,69.87365951685865,0.0,
Seasonal-trend climatology,5,5317,57.5892332213808,57.5892332213808,0.0,
Seasonal-trend climatology,54,1592,75.0085853423511,75.0085853423511,0.0,
Seasonal-trend climatology,55,30,75.55049039102909,75.55049039102909,0.0,
Seasonal-trend climatology,6,3678,21.75808837314853,21.75808837314853,0.0,
Seasonal-trend climatology,63,97,76.3807791650966,76.3807791650966,0.0,
Seasonal-trend climatology,7,9148,46.0799457444646,46.0799457444646,0.0,
Seasonal-trend climatology,8,1297,25.189532700197336,25.189532700197336,0.0,
Seasonal-trend climatology,9,1757,42.18992175324436,42.18992175324436,0.0,
Soft experts residual,-1,13726,31.780905799161676,48.01713171899902,0.5617110532050689,0.024326928790075884
Soft experts residual,1,2962,58.23052537552039,63.73813510822793,0.1652098092000881,0.02682372123851421
Soft experts residual,11,2399,27.951082661053025,33.79860131517589,0.316053424898225,0.012045099572057315
Soft experts residual,12,18450,9.679454674979612,11.60707422800264,0.30453397637826013,0.011488324739181318
Soft experts residual,17,159,69.05532873534105,73.90799710081045,0.12467981705544327,0.10872977848593025
Soft experts residual,18,6019,25.818866289356123,26.74834131517792,0.06683722318123643,0.09136255934226191
Soft experts residual,2,5803,69.88367104911356,87.65924377303016,0.36335386005883946,0.06376117052627403
Soft experts residual,3,6235,63.05208741575566,69.87365951685865,0.18571298965110125,0.007134769747700828
Soft experts residual,5,5317,57.79636516930767,57.5892332213808,-0.00818055643910807,0.07661324712342953
Soft experts residual,54,1592,65.68332594539167,75.0085853423511,0.23274833837877362,0.04505839525242479
Soft experts residual,55,30,103.74228546556053,75.55049039102909,-0.8977439940139176,0.37551936024777616
Soft experts residual,6,3678,19.313466357632922,21.758088373148535,0.21176180851162932,0.03885271501920653
Soft experts residual,63,97,53.245225223918595,76.3807791650966,0.5095260796769087,0.11599309733096518
Soft experts residual,7,9148,43.783106837575076,46.0799457444646,0.0970507508644749,0.02882277061496155
Soft experts residual,8,1297,28.538213508785372,25.189532700197336,-0.2845576603500503,0.08814393426279146
Soft experts residual,9,1757,42.4558688537851,42.18992175324436,-0.012890321220751101,0.038419328563796894
