target,outer_scheme,outer_fold,alpha,inner_fold,cruise_equal_rmse,selected_alpha
sss,cruise,0,0.1,0,2.4977927359044845,0.1
sss,cruise,0,0.1,1,2.7206146869859644,0.1
sss,cruise,0,0.1,2,2.106363937649673,0.1
sss,cruise,0,10.0,0,2.498444739101322,0.1
sss,cruise,0,10.0,1,2.721338555716826,0.1
sss,cruise,0,10.0,2,2.105203960217902,0.1
sss,cruise,0,1000.0,0,2.5446699386482594,0.1
sss,cruise,0,1000.0,1,2.765637709873296,0.1
sss,cruise,0,1000.0,2,2.1181869136677185,0.1
sss,cruise,1,0.1,0,2.495809756686498,0.1
sss,cruise,1,0.1,1,2.0576395709943145,0.1
sss,cruise,1,0.1,2,2.5444578406447635,0.1
sss,cruise,1,10.0,0,2.4992007960167064,0.1
sss,cruise,1,10.0,1,2.056190281331073,0.1
sss,cruise,1,10.0,2,2.544451066127389,0.1
sss,cruise,1,1000.0,0,2.544684379969757,0.1
sss,cruise,1,1000.0,1,2.05053662331732,0.1
sss,cruise,1,1000.0,2,2.593836124264995,0.1
sss,cruise,2,0.1,0,2.612338269722528,10.0
sss,cruise,2,0.1,1,2.207852959086671,10.0
sss,cruise,2,0.1,2,2.375316739118052,10.0
sss,cruise,2,10.0,0,2.6139015298640507,10.0
sss,cruise,2,10.0,1,2.205866598566605,10.0
sss,cruise,2,10.0,2,2.3738767226837574,10.0
sss,cruise,2,1000.0,0,2.664002810053141,10.0
sss,cruise,2,1000.0,1,2.2359347695617737,10.0
sss,cruise,2,1000.0,2,2.376513519204305,10.0
sss,cruise,3,0.1,0,2.5854126479164763,10.0
sss,cruise,3,0.1,1,2.1277536651903795,10.0
sss,cruise,3,0.1,2,2.467354367271815,10.0
sss,cruise,3,10.0,0,2.586223691100872,10.0
sss,cruise,3,10.0,1,2.127551924587045,10.0
sss,cruise,3,10.0,2,2.464923799380963,10.0
sss,cruise,3,1000.0,0,2.6299137378417474,10.0
sss,cruise,3,1000.0,1,2.146201159344533,10.0
sss,cruise,3,1000.0,2,2.486341915859944,10.0
sss,cruise,4,0.1,0,2.289430538421201,10.0
sss,cruise,4,0.1,1,2.752590376494834,10.0
sss,cruise,4,0.1,2,2.3611388263720947,10.0
sss,cruise,4,10.0,0,2.2915361333235307,10.0
sss,cruise,4,10.0,1,2.7511692169465785,10.0
sss,cruise,4,10.0,2,2.3604417359769827,10.0
sss,cruise,4,1000.0,0,2.334990196831721,10.0
sss,cruise,4,1000.0,1,2.7798906369219782,10.0
sss,cruise,4,1000.0,2,2.392898267879885,10.0
sss,spatial_block,0,0.1,0,2.5269791947519407,0.1
sss,spatial_block,0,0.1,1,2.750846559472021,0.1
sss,spatial_block,0,0.1,2,2.524035867810524,0.1
sss,spatial_block,0,10.0,0,2.5287660358973234,0.1
sss,spatial_block,0,10.0,1,2.750926494677124,0.1
sss,spatial_block,0,10.0,2,2.522811183638208,0.1
sss,spatial_block,0,1000.0,0,2.5920223640445883,0.1
sss,spatial_block,0,1000.0,1,2.8022953627682736,0.1
sss,spatial_block,0,1000.0,2,2.5700917039783344,0.1
sss,spatial_block,1,0.1,0,2.0945303453639443,10.0
sss,spatial_block,1,0.1,1,2.51106075384024,10.0
sss,spatial_block,1,0.1,2,2.183332944443454,10.0
sss,spatial_block,1,10.0,0,2.0956419835946614,10.0
sss,spatial_block,1,10.0,1,2.509930595647926,10.0
sss,spatial_block,1,10.0,2,2.1822378563190337,10.0
sss,spatial_block,1,1000.0,0,2.1365099995727004,10.0
sss,spatial_block,1,1000.0,1,2.5274660980944472,10.0
sss,spatial_block,1,1000.0,2,2.2078176452952367,10.0
sss,spatial_block,2,0.1,0,2.2343208038309457,10.0
sss,spatial_block,2,0.1,1,2.543774082067697,10.0
sss,spatial_block,2,0.1,2,2.315731356140705,10.0
sss,spatial_block,2,10.0,0,2.2335600971715324,10.0
sss,spatial_block,2,10.0,1,2.5429123835749574,10.0
sss,spatial_block,2,10.0,2,2.3145345797339827,10.0
sss,spatial_block,2,1000.0,0,2.2626873182807428,10.0
sss,spatial_block,2,1000.0,1,2.576408373230241,10.0
sss,spatial_block,2,1000.0,2,2.332808437015136,10.0
sss,spatial_block,3,0.1,0,2.44075503735307,10.0
sss,spatial_block,3,0.1,1,2.2608050389392664,10.0
sss,spatial_block,3,0.1,2,2.5748335920827525,10.0
sss,spatial_block,3,10.0,0,2.4402394265902583,10.0
sss,spatial_block,3,10.0,1,2.2608151264160994,10.0
sss,spatial_block,3,10.0,2,2.573561431842577,10.0
sss,spatial_block,3,1000.0,0,2.486291907101194,10.0
sss,spatial_block,3,1000.0,1,2.2879218584255283,10.0
sss,spatial_block,3,1000.0,2,2.590643130380235,10.0
sss,spatial_block,4,0.1,0,2.1813763071855425,10.0
sss,spatial_block,4,0.1,1,2.004523313028816,10.0
sss,spatial_block,4,0.1,2,1.963359759102804,10.0
sss,spatial_block,4,10.0,0,2.1829517799376763,10.0
sss,spatial_block,4,10.0,1,2.001657452424127,10.0
sss,spatial_block,4,10.0,2,1.962611202068764,10.0
sss,spatial_block,4,1000.0,0,2.2194763402089457,10.0
sss,spatial_block,4,1000.0,1,2.017653412311497,10.0
sss,spatial_block,4,1000.0,2,1.9833086987927664,10.0
sss,whole_lme,0,0.1,0,1.477426795180404,10.0
sss,whole_lme,0,0.1,1,1.7664347251142851,10.0
sss,whole_lme,0,0.1,2,1.5059899354657262,10.0
sss,whole_lme,0,10.0,0,1.4806947729143574,10.0
sss,whole_lme,0,10.0,1,1.7679681109046563,10.0
sss,whole_lme,0,10.0,2,1.496661606175308,10.0
sss,whole_lme,0,1000.0,0,1.532111882013919,10.0
sss,whole_lme,0,1000.0,1,1.8070924797565555,10.0
sss,whole_lme,0,1000.0,2,1.4599534602878532,10.0
sss,whole_lme,1,0.1,0,2.449421308317831,0.1
sss,whole_lme,1,0.1,1,2.2227482412954456,0.1
sss,whole_lme,1,0.1,2,2.462244409980891,0.1
sss,whole_lme,1,10.0,0,2.448659712635926,0.1
sss,whole_lme,1,10.0,1,2.2256542479191417,0.1
sss,whole_lme,1,10.0,2,2.460892848526453,0.1
sss,whole_lme,1,1000.0,0,2.4907336629265253,0.1
sss,whole_lme,1,1000.0,1,2.270613079404322,0.1
sss,whole_lme,1,1000.0,2,2.4787554843302617,0.1
sss,whole_lme,2,0.1,0,2.423170403677638,10.0
sss,whole_lme,2,0.1,1,2.586283550191501,10.0
sss,whole_lme,2,0.1,2,2.261447880247532,10.0
sss,whole_lme,2,10.0,0,2.4222894278721405,10.0
sss,whole_lme,2,10.0,1,2.585396850083668,10.0
sss,whole_lme,2,10.0,2,2.26047087254716,10.0
sss,whole_lme,2,1000.0,0,2.4531926062186424,10.0
sss,whole_lme,2,1000.0,1,2.6076706268322045,10.0
sss,whole_lme,2,1000.0,2,2.283635920773026,10.0
sss,whole_lme,3,0.1,0,2.4374174696994486,10.0
sss,whole_lme,3,0.1,1,3.047899308275656,10.0
sss,whole_lme,3,0.1,2,2.7004178880469127,10.0
sss,whole_lme,3,10.0,0,2.437354811181763,10.0
sss,whole_lme,3,10.0,1,3.047704346831605,10.0
sss,whole_lme,3,10.0,2,2.6997254913792794,10.0
sss,whole_lme,3,1000.0,0,2.463718607566936,10.0
sss,whole_lme,3,1000.0,1,3.0645361178771906,10.0
sss,whole_lme,3,1000.0,2,2.720576898217961,10.0
sss,whole_lme,4,0.1,0,2.307424746814271,10.0
sss,whole_lme,4,0.1,1,2.63893653445632,10.0
sss,whole_lme,4,0.1,2,2.391742192861104,10.0
sss,whole_lme,4,10.0,0,2.307368570721987,10.0
sss,whole_lme,4,10.0,1,2.6376280945086807,10.0
sss,whole_lme,4,10.0,2,2.3906423367387197,10.0
sss,whole_lme,4,1000.0,0,2.34391512656521,10.0
sss,whole_lme,4,1000.0,1,2.663326507255912,10.0
sss,whole_lme,4,1000.0,2,2.4048270957414326,10.0
sss,forward,0,0.1,0,2.3620573822635893,0.1
sss,forward,0,0.1,1,2.241259701227269,0.1
sss,forward,0,0.1,2,2.518441143566344,0.1
sss,forward,0,10.0,0,2.3612173187051377,0.1
sss,forward,0,10.0,1,2.242803268138722,0.1
sss,forward,0,10.0,2,2.52030230330623,0.1
sss,forward,0,1000.0,0,2.400513113052652,0.1
sss,forward,0,1000.0,1,2.28604829904589,0.1
sss,forward,0,1000.0,2,2.5438760351217278,0.1
fco2,cruise,0,0.1,0,64.64921721263583,0.1
fco2,cruise,0,0.1,1,58.96215067057201,0.1
fco2,cruise,0,0.1,2,64.39599691253622,0.1
fco2,cruise,0,10.0,0,64.6495236038265,0.1
fco2,cruise,0,10.0,1,58.975505567665,0.1
fco2,cruise,0,10.0,2,64.38892999668307,0.1
fco2,cruise,0,1000.0,0,64.88331833571176,0.1
fco2,cruise,0,1000.0,1,59.34744454304556,0.1
fco2,cruise,0,1000.0,2,64.45707754913273,0.1
fco2,cruise,1,0.1,0,58.76860729085608,10.0
fco2,cruise,1,0.1,1,63.41584886492972,10.0
fco2,cruise,1,0.1,2,60.87405129813359,10.0
fco2,cruise,1,10.0,0,58.76703234062782,10.0
fco2,cruise,1,10.0,1,63.413418909715965,10.0
fco2,cruise,1,10.0,2,60.8722608567798,10.0
fco2,cruise,1,1000.0,0,58.71599779453235,10.0
fco2,cruise,1,1000.0,1,63.46919146337911,10.0
fco2,cruise,1,1000.0,2,61.04164646983352,10.0
fco2,cruise,2,0.1,0,60.830082976811866,10.0
fco2,cruise,2,0.1,1,62.135630631082186,10.0
fco2,cruise,2,0.1,2,59.67662379272035,10.0
fco2,cruise,2,10.0,0,60.833580535290224,10.0
fco2,cruise,2,10.0,1,62.155035800327845,10.0
fco2,cruise,2,10.0,2,59.64835540760389,10.0
fco2,cruise,2,1000.0,0,60.87672901600672,10.0
fco2,cruise,2,1000.0,1,62.45820466903492,10.0
fco2,cruise,2,1000.0,2,59.32971505023032,10.0
fco2,cruise,3,0.1,0,59.22094148033056,10.0
fco2,cruise,3,0.1,1,62.69652729111396,10.0
fco2,cruise,3,0.1,2,63.89110288718245,10.0
fco2,cruise,3,10.0,0,59.22272426720222,10.0
fco2,cruise,3,10.0,1,62.68208878877708,10.0
fco2,cruise,3,10.0,2,63.86750931691439,10.0
fco2,cruise,3,1000.0,0,59.68168981680235,10.0
fco2,cruise,3,1000.0,1,62.645087287419,10.0
fco2,cruise,3,1000.0,2,63.54277821986334,10.0
fco2,cruise,4,0.1,0,63.386504704313495,10.0
fco2,cruise,4,0.1,1,61.423864666881386,10.0
fco2,cruise,4,0.1,2,62.305345481413575,10.0
fco2,cruise,4,10.0,0,63.39793525995016,10.0
fco2,cruise,4,10.0,1,61.431610536703,10.0
fco2,cruise,4,10.0,2,62.27820865072677,10.0
fco2,cruise,4,1000.0,0,63.850816010611744,10.0
fco2,cruise,4,1000.0,1,61.629767607985336,10.0
fco2,cruise,4,1000.0,2,62.16227933441788,10.0
fco2,spatial_block,0,0.1,0,56.61960666312872,10.0
fco2,spatial_block,0,0.1,1,60.7100080885989,10.0
fco2,spatial_block,0,0.1,2,65.63394006805125,10.0
fco2,spatial_block,0,10.0,0,56.625507866180975,10.0
fco2,spatial_block,0,10.0,1,60.69426443592882,10.0
fco2,spatial_block,0,10.0,2,65.63609180615352,10.0
fco2,spatial_block,0,1000.0,0,57.0282130264022,10.0
fco2,spatial_block,0,1000.0,1,60.62217568371716,10.0
fco2,spatial_block,0,1000.0,2,65.81944404803762,10.0
fco2,spatial_block,1,0.1,0,62.806739418199086,0.1
fco2,spatial_block,1,0.1,1,59.42121545035557,0.1
fco2,spatial_block,1,0.1,2,61.054050835066086,0.1
fco2,spatial_block,1,10.0,0,62.81696301452261,0.1
fco2,spatial_block,1,10.0,1,59.43193317552297,0.1
fco2,spatial_block,1,10.0,2,61.065931650399904,0.1
fco2,spatial_block,1,1000.0,0,63.45717630364871,0.1
fco2,spatial_block,1,1000.0,1,59.666805691378336,0.1
fco2,spatial_block,1,1000.0,2,61.262858125712505,0.1
fco2,spatial_block,2,0.1,0,59.06115409482724,1000.0
fco2,spatial_block,2,0.1,1,60.98654923317364,1000.0
fco2,spatial_block,2,0.1,2,63.21801912804275,1000.0
fco2,spatial_block,2,10.0,0,59.050617026476296,1000.0
fco2,spatial_block,2,10.0,1,60.98397152483014,1000.0
fco2,spatial_block,2,10.0,2,63.212117851965225,1000.0
fco2,spatial_block,2,1000.0,0,58.97833742540017,1000.0
fco2,spatial_block,2,1000.0,1,60.89034694699697,1000.0
fco2,spatial_block,2,1000.0,2,63.25978077866956,1000.0
fco2,spatial_block,3,0.1,0,64.64092810481993,0.1
fco2,spatial_block,3,0.1,1,60.30246615404912,0.1
fco2,spatial_block,3,0.1,2,59.68496467546463,0.1
fco2,spatial_block,3,10.0,0,64.66385591653162,0.1
fco2,spatial_block,3,10.0,1,60.31302214801439,0.1
fco2,spatial_block,3,10.0,2,59.70841883210369,0.1
fco2,spatial_block,3,1000.0,0,64.96020422138884,0.1
fco2,spatial_block,3,1000.0,1,60.73941108006558,0.1
fco2,spatial_block,3,1000.0,2,60.05652595281584,0.1
fco2,spatial_block,4,0.1,0,54.83663719927815,1000.0
fco2,spatial_block,4,0.1,1,58.97885363006846,1000.0
fco2,spatial_block,4,0.1,2,57.52304147321384,1000.0
fco2,spatial_block,4,10.0,0,54.85265206825677,1000.0
fco2,spatial_block,4,10.0,1,58.95557916204661,1000.0
fco2,spatial_block,4,10.0,2,57.5250227027035,1000.0
fco2,spatial_block,4,1000.0,0,55.14868445822956,1000.0
fco2,spatial_block,4,1000.0,1,58.87404853288042,1000.0
fco2,spatial_block,4,1000.0,2,57.300409509913536,1000.0
fco2,whole_lme,0,0.1,0,52.07943901107265,1000.0
fco2,whole_lme,0,0.1,1,49.34709328955963,1000.0
fco2,whole_lme,0,0.1,2,53.59471610284599,1000.0
fco2,whole_lme,0,10.0,0,52.063847464319714,1000.0
fco2,whole_lme,0,10.0,1,49.326902071482216,1000.0
fco2,whole_lme,0,10.0,2,53.575655834475874,1000.0
fco2,whole_lme,0,1000.0,0,51.69305128010406,1000.0
fco2,whole_lme,0,1000.0,1,49.30728919567353,1000.0
fco2,whole_lme,0,1000.0,2,53.2854317479705,1000.0
fco2,whole_lme,1,0.1,0,64.08842617938997,0.1
fco2,whole_lme,1,0.1,1,68.49402579657057,0.1
fco2,whole_lme,1,0.1,2,61.88022944995775,0.1
fco2,whole_lme,1,10.0,0,64.10222968540718,0.1
fco2,whole_lme,1,10.0,1,68.50046501038655,0.1
fco2,whole_lme,1,10.0,2,61.899730330568666,0.1
fco2,whole_lme,1,1000.0,0,64.59657801156315,0.1
fco2,whole_lme,1,1000.0,1,68.84792471136204,0.1
fco2,whole_lme,1,1000.0,2,62.15750691686426,0.1
fco2,whole_lme,2,0.1,0,63.28227406440421,10.0
fco2,whole_lme,2,0.1,1,63.61786156035561,10.0
fco2,whole_lme,2,0.1,2,60.58515933284235,10.0
fco2,whole_lme,2,10.0,0,63.29664957452725,10.0
fco2,whole_lme,2,10.0,1,63.611706237189615,10.0
fco2,whole_lme,2,10.0,2,60.56907634118444,10.0
fco2,whole_lme,2,1000.0,0,63.77691031715384,10.0
fco2,whole_lme,2,1000.0,1,63.57770762358395,10.0
fco2,whole_lme,2,1000.0,2,60.35076165560215,10.0
fco2,whole_lme,3,0.1,0,63.79500177364567,1000.0
fco2,whole_lme,3,0.1,1,63.64691009109035,1000.0
fco2,whole_lme,3,0.1,2,64.69569282931161,1000.0
fco2,whole_lme,3,10.0,0,63.80153045524335,1000.0
fco2,whole_lme,3,10.0,1,63.63531081582426,1000.0
fco2,whole_lme,3,10.0,2,64.67630881265728,1000.0
fco2,whole_lme,3,1000.0,0,63.78925722066702,1000.0
fco2,whole_lme,3,1000.0,1,63.75224121754331,1000.0
fco2,whole_lme,3,1000.0,2,64.33659907704953,1000.0
fco2,whole_lme,4,0.1,0,63.18778567596002,0.1
fco2,whole_lme,4,0.1,1,62.36318792103574,0.1
fco2,whole_lme,4,0.1,2,63.3208797115065,0.1
fco2,whole_lme,4,10.0,0,63.23463156654429,0.1
fco2,whole_lme,4,10.0,1,62.34767262814562,0.1
fco2,whole_lme,4,10.0,2,63.32235753887543,0.1
fco2,whole_lme,4,1000.0,0,63.80619368265056,0.1
fco2,whole_lme,4,1000.0,1,62.075080494910914,0.1
fco2,whole_lme,4,1000.0,2,63.50082324243214,0.1
fco2,forward,0,0.1,0,59.25651569908782,0.1
fco2,forward,0,0.1,1,58.83728200505368,0.1
fco2,forward,0,0.1,2,55.14485024259711,0.1
fco2,forward,0,10.0,0,59.256305808558494,0.1
fco2,forward,0,10.0,1,58.84632440490672,0.1
fco2,forward,0,10.0,2,55.148454257497946,0.1
fco2,forward,0,1000.0,0,59.56289341635727,0.1
fco2,forward,0,1000.0,1,59.15607684898005,0.1
fco2,forward,0,1000.0,2,55.35245693206724,0.1
ta,cruise,0,0.1,0,130.2960612524579,0.1
ta,cruise,0,0.1,1,134.64496787496762,0.1
ta,cruise,0,0.1,2,133.95147752366424,0.1
ta,cruise,0,10.0,0,126.85556425335017,0.1
ta,cruise,0,10.0,1,146.81684763181138,0.1
ta,cruise,0,10.0,2,134.39000768142685,0.1
ta,cruise,0,1000.0,0,143.76588235142336,0.1
ta,cruise,0,1000.0,1,156.18112025036626,0.1
ta,cruise,0,1000.0,2,143.38213592048874,0.1
ta,cruise,1,0.1,0,128.31353047874663,0.1
ta,cruise,1,0.1,1,111.80927433409546,0.1
ta,cruise,1,0.1,2,107.75894020908474,0.1
ta,cruise,1,10.0,0,140.5096587663468,0.1
ta,cruise,1,10.0,1,112.7980951189554,0.1
ta,cruise,1,10.0,2,109.72958433963392,0.1
ta,cruise,1,1000.0,0,150.38867437010245,0.1
ta,cruise,1,1000.0,1,125.75158487518416,0.1
ta,cruise,1,1000.0,2,122.1104794793148,0.1
ta,cruise,2,0.1,0,115.67240276127092,10.0
ta,cruise,2,0.1,1,147.3784778259088,10.0
ta,cruise,2,0.1,2,137.2594423099423,10.0
ta,cruise,2,10.0,0,104.56564807832967,10.0
ta,cruise,2,10.0,1,150.1516004401821,10.0
ta,cruise,2,10.0,2,136.56726309516893,10.0
ta,cruise,2,1000.0,0,108.10507396357131,10.0
ta,cruise,2,1000.0,1,156.87678047623274,10.0
ta,cruise,2,1000.0,2,150.33785787053836,10.0
ta,cruise,3,0.1,0,125.32156261967556,0.1
ta,cruise,3,0.1,1,134.44760137554746,0.1
ta,cruise,3,0.1,2,122.00280412759118,0.1
ta,cruise,3,10.0,0,147.12029081083048,0.1
ta,cruise,3,10.0,1,139.07488727620836,0.1
ta,cruise,3,10.0,2,120.29212696080216,0.1
ta,cruise,3,1000.0,0,141.20277730441967,0.1
ta,cruise,3,1000.0,1,157.38461141098568,0.1
ta,cruise,3,1000.0,2,134.11293132644667,0.1
ta,cruise,4,0.1,0,136.2576469358558,0.1
ta,cruise,4,0.1,1,110.9701998791476,0.1
ta,cruise,4,0.1,2,152.43076029263997,0.1
ta,cruise,4,10.0,0,140.48486418955437,0.1
ta,cruise,4,10.0,1,107.73630070000522,0.1
ta,cruise,4,10.0,2,159.7080954419991,0.1
ta,cruise,4,1000.0,0,161.01057953825747,0.1
ta,cruise,4,1000.0,1,113.5871114448933,0.1
ta,cruise,4,1000.0,2,167.4749172712904,0.1
ta,spatial_block,0,0.1,0,164.23986910564662,10.0
ta,spatial_block,0,0.1,1,127.86405052043698,10.0
ta,spatial_block,0,0.1,2,133.19047414100137,10.0
ta,spatial_block,0,10.0,0,162.60713676789524,10.0
ta,spatial_block,0,10.0,1,127.45655456547364,10.0
ta,spatial_block,0,10.0,2,127.6536426359404,10.0
ta,spatial_block,0,1000.0,0,187.03722726384063,10.0
ta,spatial_block,0,1000.0,1,130.0140587830659,10.0
ta,spatial_block,0,1000.0,2,137.3777806951003,10.0
ta,spatial_block,1,0.1,0,138.04729888173816,10.0
ta,spatial_block,1,0.1,1,111.28381689172576,10.0
ta,spatial_block,1,0.1,2,112.17362932170076,10.0
ta,spatial_block,1,10.0,0,139.47462176639797,10.0
ta,spatial_block,1,10.0,1,111.4506255226914,10.0
ta,spatial_block,1,10.0,2,104.9970160185017,10.0
ta,spatial_block,1,1000.0,0,150.23308358887203,10.0
ta,spatial_block,1,1000.0,1,123.36721897337802,10.0
ta,spatial_block,1,1000.0,2,99.32644200918328,10.0
ta,spatial_block,2,0.1,0,130.47395975409032,0.1
ta,spatial_block,2,0.1,1,122.038484909257,0.1
ta,spatial_block,2,0.1,2,130.77139420920622,0.1
ta,spatial_block,2,10.0,0,130.37709483065123,0.1
ta,spatial_block,2,10.0,1,130.70661838202042,0.1
ta,spatial_block,2,10.0,2,131.953372151899,0.1
ta,spatial_block,2,1000.0,0,147.27906861776475,0.1
ta,spatial_block,2,1000.0,1,140.01455006855153,0.1
ta,spatial_block,2,1000.0,2,139.68723232579484,0.1
ta,spatial_block,3,0.1,0,122.13718492365116,0.1
ta,spatial_block,3,0.1,1,154.55755933569128,0.1
ta,spatial_block,3,0.1,2,117.3279898292376,0.1
ta,spatial_block,3,10.0,0,119.97585608026948,0.1
ta,spatial_block,3,10.0,1,168.88162356285974,0.1
ta,spatial_block,3,10.0,2,115.64597838725392,0.1
ta,spatial_block,3,1000.0,0,126.7677352149216,0.1
ta,spatial_block,3,1000.0,1,180.42891393665764,0.1
ta,spatial_block,3,1000.0,2,128.95345007833407,0.1
ta,spatial_block,4,0.1,0,94.5691798232252,10.0
ta,spatial_block,4,0.1,1,145.4146273322342,10.0
ta,spatial_block,4,0.1,2,103.55138447958296,10.0
ta,spatial_block,4,10.0,0,89.6265284208305,10.0
ta,spatial_block,4,10.0,1,150.7702715525679,10.0
ta,spatial_block,4,10.0,2,95.7314293779656,10.0
ta,spatial_block,4,1000.0,0,95.52063053395176,10.0
ta,spatial_block,4,1000.0,1,166.13594107476487,10.0
ta,spatial_block,4,1000.0,2,112.00528186230196,10.0
ta,whole_lme,0,0.1,0,138.1449872104027,0.1
ta,whole_lme,0,0.1,1,164.84173250857702,0.1
ta,whole_lme,0,0.1,2,136.21494948245197,0.1
ta,whole_lme,0,10.0,0,148.6655526844125,0.1
ta,whole_lme,0,10.0,1,160.07162806903622,0.1
ta,whole_lme,0,10.0,2,130.75225760271937,0.1
ta,whole_lme,0,1000.0,0,165.22484222144132,0.1
ta,whole_lme,0,1000.0,1,177.0953933268195,0.1
ta,whole_lme,0,1000.0,2,142.6135187945298,0.1
ta,whole_lme,1,0.1,0,129.31389195423563,10.0
ta,whole_lme,1,0.1,1,116.25249501673476,10.0
ta,whole_lme,1,0.1,2,123.3102180782526,10.0
ta,whole_lme,1,10.0,0,130.47574689299745,10.0
ta,whole_lme,1,10.0,1,115.27356992998584,10.0
ta,whole_lme,1,10.0,2,121.03603681222616,10.0
ta,whole_lme,1,1000.0,0,154.3465019283206,10.0
ta,whole_lme,1,1000.0,1,124.13669885413668,10.0
ta,whole_lme,1,1000.0,2,126.12875706058796,10.0
ta,whole_lme,2,0.1,0,138.70945111918235,0.1
ta,whole_lme,2,0.1,1,137.79172616773397,0.1
ta,whole_lme,2,0.1,2,123.8693789792881,0.1
ta,whole_lme,2,10.0,0,139.22842121171908,0.1
ta,whole_lme,2,10.0,1,148.8767390094779,0.1
ta,whole_lme,2,10.0,2,125.64597991314513,0.1
ta,whole_lme,2,1000.0,0,138.59751697456522,0.1
ta,whole_lme,2,1000.0,1,159.86181001639045,0.1
ta,whole_lme,2,1000.0,2,135.0367854929387,0.1
ta,whole_lme,3,0.1,0,154.26256054437422,0.1
ta,whole_lme,3,0.1,1,132.91670682887656,0.1
ta,whole_lme,3,0.1,2,157.53522370156912,0.1
ta,whole_lme,3,10.0,0,157.31302799997636,0.1
ta,whole_lme,3,10.0,1,135.0015071450355,0.1
ta,whole_lme,3,10.0,2,166.6798749590859,0.1
ta,whole_lme,3,1000.0,0,162.75358987065994,0.1
ta,whole_lme,3,1000.0,1,146.02421381479033,0.1
ta,whole_lme,3,1000.0,2,175.11640328278253,0.1
ta,whole_lme,4,0.1,0,173.7350696972583,0.1
ta,whole_lme,4,0.1,1,139.73481063561525,0.1
ta,whole_lme,4,0.1,2,125.6082747030784,0.1
ta,whole_lme,4,10.0,0,168.4840340752911,0.1
ta,whole_lme,4,10.0,1,141.42129958904536,0.1
ta,whole_lme,4,10.0,2,131.07850413169433,0.1
ta,whole_lme,4,1000.0,0,167.91369390263282,0.1
ta,whole_lme,4,1000.0,1,155.98145047970144,0.1
ta,whole_lme,4,1000.0,2,140.49210566649978,0.1
ta,forward,0,0.1,0,116.53879116115796,0.1
ta,forward,0,0.1,1,141.58201075489842,0.1
ta,forward,0,0.1,2,120.14371180742722,0.1
ta,forward,0,10.0,0,117.38378434789932,0.1
ta,forward,0,10.0,1,161.68766052675034,0.1
ta,forward,0,10.0,2,111.11093731459938,0.1
ta,forward,0,1000.0,0,131.1347537075448,0.1
ta,forward,0,1000.0,1,163.13579250943422,0.1
ta,forward,0,1000.0,2,116.03314108355404,0.1
dic,cruise,0,0.1,0,129.48482142510727,10.0
dic,cruise,0,0.1,1,106.2263401737395,10.0
dic,cruise,0,0.1,2,144.17021561466083,10.0
dic,cruise,0,10.0,0,131.89883026095092,10.0
dic,cruise,0,10.0,1,107.0534603892148,10.0
dic,cruise,0,10.0,2,130.30275446250334,10.0
dic,cruise,0,1000.0,0,137.78076638193082,10.0
dic,cruise,0,1000.0,1,117.52943856901034,10.0
dic,cruise,0,1000.0,2,143.70527128734668,10.0
dic,cruise,1,0.1,0,124.13304221088887,0.1
dic,cruise,1,0.1,1,93.37840993089864,0.1
dic,cruise,1,0.1,2,132.47197945235243,0.1
dic,cruise,1,10.0,0,128.22065396480642,0.1
dic,cruise,1,10.0,1,91.43914739454767,0.1
dic,cruise,1,10.0,2,132.3989006680064,0.1
dic,cruise,1,1000.0,0,136.1539587985557,0.1
dic,cruise,1,1000.0,1,96.42624462624696,0.1
dic,cruise,1,1000.0,2,140.3109540457463,0.1
dic,cruise,2,0.1,0,127.84684590749085,10.0
dic,cruise,2,0.1,1,121.14167789811312,10.0
dic,cruise,2,0.1,2,135.80440869834504,10.0
dic,cruise,2,10.0,0,130.00431843726386,10.0
dic,cruise,2,10.0,1,110.24262037185748,10.0
dic,cruise,2,10.0,2,136.78693807963424,10.0
dic,cruise,2,1000.0,0,134.2610237966197,10.0
dic,cruise,2,1000.0,1,109.63009648528752,10.0
dic,cruise,2,1000.0,2,143.66851794505092,10.0
dic,cruise,3,0.1,0,123.9703396239519,0.1
dic,cruise,3,0.1,1,113.21921960649736,0.1
dic,cruise,3,0.1,2,128.78413681952452,0.1
dic,cruise,3,10.0,0,123.30100165036713,0.1
dic,cruise,3,10.0,1,114.44364385328518,0.1
dic,cruise,3,10.0,2,129.2881036186232,0.1
dic,cruise,3,1000.0,0,132.77059000974467,0.1
dic,cruise,3,1000.0,1,115.88917705954374,0.1
dic,cruise,3,1000.0,2,145.47181018669102,0.1
dic,cruise,4,0.1,0,134.4579943748756,0.1
dic,cruise,4,0.1,1,126.16560059265014,0.1
dic,cruise,4,0.1,2,123.95801728787625,0.1
dic,cruise,4,10.0,0,137.25225055470085,0.1
dic,cruise,4,10.0,1,131.0951070132984,0.1
dic,cruise,4,10.0,2,123.9266243668972,0.1
dic,cruise,4,1000.0,0,148.78813543712974,0.1
dic,cruise,4,1000.0,1,135.07638630685526,0.1
dic,cruise,4,1000.0,2,131.6945407055344,0.1
dic,spatial_block,0,0.1,0,147.30846223598974,0.1
dic,spatial_block,0,0.1,1,107.92167986324276,0.1
dic,spatial_block,0,0.1,2,140.7294523439772,0.1
dic,spatial_block,0,10.0,0,147.3679373469577,0.1
dic,spatial_block,0,10.0,1,111.121341149514,0.1
dic,spatial_block,0,10.0,2,143.41826382420294,0.1
dic,spatial_block,0,1000.0,0,157.24443024890073,0.1
dic,spatial_block,0,1000.0,1,123.20432581082956,0.1
dic,spatial_block,0,1000.0,2,149.7348573825599,0.1
dic,spatial_block,1,0.1,0,112.32396489358212,0.1
dic,spatial_block,1,0.1,1,123.18078423644094,0.1
dic,spatial_block,1,0.1,2,103.47299032548746,0.1
dic,spatial_block,1,10.0,0,112.18217130737996,0.1
dic,spatial_block,1,10.0,1,123.37292740324447,0.1
dic,spatial_block,1,10.0,2,103.66502485492715,0.1
dic,spatial_block,1,1000.0,0,117.9135535658087,0.1
dic,spatial_block,1,1000.0,1,126.8119552189589,0.1
dic,spatial_block,1,1000.0,2,104.744700722713,0.1
dic,spatial_block,2,0.1,0,128.32916206702603,0.1
dic,spatial_block,2,0.1,1,115.74966782591952,0.1
dic,spatial_block,2,0.1,2,132.07384816952165,0.1
dic,spatial_block,2,10.0,0,129.29933390079796,0.1
dic,spatial_block,2,10.0,1,117.16755778992308,0.1
dic,spatial_block,2,10.0,2,138.20657295331037,0.1
dic,spatial_block,2,1000.0,0,135.94771048263067,0.1
dic,spatial_block,2,1000.0,1,128.3244008549559,0.1
dic,spatial_block,2,1000.0,2,139.1852536326073,0.1
dic,spatial_block,3,0.1,0,129.86713384758954,10.0
dic,spatial_block,3,0.1,1,112.96887194128108,10.0
dic,spatial_block,3,0.1,2,129.84945472068725,10.0
dic,spatial_block,3,10.0,0,134.18560460847507,10.0
dic,spatial_block,3,10.0,1,108.0789446688101,10.0
dic,spatial_block,3,10.0,2,129.1816248586075,10.0
dic,spatial_block,3,1000.0,0,147.90831176376446,10.0
dic,spatial_block,3,1000.0,1,114.47413061043092,10.0
dic,spatial_block,3,1000.0,2,136.99204957073894,10.0
dic,spatial_block,4,0.1,0,88.05747460086266,0.1
dic,spatial_block,4,0.1,1,120.53036402272558,0.1
dic,spatial_block,4,0.1,2,94.2503105992225,0.1
dic,spatial_block,4,10.0,0,90.50942536457332,0.1
dic,spatial_block,4,10.0,1,120.8573163541654,0.1
dic,spatial_block,4,10.0,2,91.96428225388298,0.1
dic,spatial_block,4,1000.0,0,91.58490209951258,0.1
dic,spatial_block,4,1000.0,1,129.20617334183515,0.1
dic,spatial_block,4,1000.0,2,102.1930646909152,0.1
dic,whole_lme,0,0.1,0,120.65596610680603,0.1
dic,whole_lme,0,0.1,1,146.08591173180452,0.1
dic,whole_lme,0,0.1,2,136.51907131185965,0.1
dic,whole_lme,0,10.0,0,123.69966280937636,0.1
dic,whole_lme,0,10.0,1,146.71256902940266,0.1
dic,whole_lme,0,10.0,2,138.67730367812297,0.1
dic,whole_lme,0,1000.0,0,137.54623856176448,0.1
dic,whole_lme,0,1000.0,1,159.4987771677964,0.1
dic,whole_lme,0,1000.0,2,145.61915757516343,0.1
dic,whole_lme,1,0.1,0,126.60217767874538,10.0
dic,whole_lme,1,0.1,1,108.75413774925632,10.0
dic,whole_lme,1,0.1,2,115.99238562936392,10.0
dic,whole_lme,1,10.0,0,127.36921283547466,10.0
dic,whole_lme,1,10.0,1,99.11370293938566,10.0
dic,whole_lme,1,10.0,2,110.19030294275142,10.0
dic,whole_lme,1,1000.0,0,145.00341988243358,10.0
dic,whole_lme,1,1000.0,1,88.76246091117049,10.0
dic,whole_lme,1,1000.0,2,120.57188914307449,10.0
dic,whole_lme,2,0.1,0,137.71788131475597,0.1
dic,whole_lme,2,0.1,1,119.28146131192328,0.1
dic,whole_lme,2,0.1,2,110.34717500688456,0.1
dic,whole_lme,2,10.0,0,147.3474817340138,0.1
dic,whole_lme,2,10.0,1,120.2639654684678,0.1
dic,whole_lme,2,10.0,2,110.68206573722456,0.1
dic,whole_lme,2,1000.0,0,157.22032838887947,0.1
dic,whole_lme,2,1000.0,1,124.35835346627664,0.1
dic,whole_lme,2,1000.0,2,118.83574239921197,0.1
dic,whole_lme,3,0.1,0,148.6235042249471,0.1
dic,whole_lme,3,0.1,1,131.52784535111573,0.1
dic,whole_lme,3,0.1,2,160.7223028003224,0.1
dic,whole_lme,3,10.0,0,151.8265975694964,0.1
dic,whole_lme,3,10.0,1,135.75378161307177,0.1
dic,whole_lme,3,10.0,2,162.89780694297846,0.1
dic,whole_lme,3,1000.0,0,162.92766679879276,0.1
dic,whole_lme,3,1000.0,1,142.44028216138975,0.1
dic,whole_lme,3,1000.0,2,168.1601227380425,0.1
dic,whole_lme,4,0.1,0,153.30932805714338,10.0
dic,whole_lme,4,0.1,1,135.88643206118837,10.0
dic,whole_lme,4,0.1,2,121.92318136812152,10.0
dic,whole_lme,4,10.0,0,142.68310803065577,10.0
dic,whole_lme,4,10.0,1,136.7407798264272,10.0
dic,whole_lme,4,10.0,2,122.31904715633074,10.0
dic,whole_lme,4,1000.0,0,150.65342111903485,10.0
dic,whole_lme,4,1000.0,1,136.724650178672,10.0
dic,whole_lme,4,1000.0,2,130.0497637126627,10.0
dic,forward,0,0.1,0,111.49181886981144,0.1
dic,forward,0,0.1,1,125.6250566944802,0.1
dic,forward,0,0.1,2,114.55977848667904,0.1
dic,forward,0,10.0,0,108.94812475272404,0.1
dic,forward,0,10.0,1,130.10625831633487,0.1
dic,forward,0,10.0,2,116.78042286922624,0.1
dic,forward,0,1000.0,0,112.84887057619332,0.1
dic,forward,0,1000.0,1,139.00533178342286,0.1
dic,forward,0,1000.0,2,125.25349271742144,0.1
