outer_scheme,coverage,retained,rmse,risk_threshold
cruise,0.1,33097,0.5888237031493169,0.21924194838369657
cruise,0.2,66193,0.7193677414767723,0.300231634094942
cruise,0.30000000000000004,99289,0.79767180636752,0.36933872732388806
cruise,0.4,132385,0.8441625880261528,0.43556680778097445
cruise,0.5,165481,0.8580116829985484,0.5023350598186076
cruise,0.6,198577,0.8924128614455268,0.5760508591778284
cruise,0.7000000000000001,231673,0.9525208937737478,0.6652264400514549
cruise,0.8,264769,1.0153135875891417,0.7803737714978755
cruise,0.9,297865,1.1138746177148449,0.9333150560858009
cruise,1.0,330961,1.262706862967583,7.694851393698399
forward,0.1,6372,0.44210426290410054,0.4527771043782853
forward,0.2,12743,0.612785712618827,0.5470639757865225
forward,0.30000000000000004,19115,0.6751308658138238,0.6238721870928554
forward,0.4,25486,0.7778194994535744,0.7004044599013424
forward,0.5,31858,0.8783579058493984,0.7790601342801459
forward,0.6,38229,0.921695075080309,0.8743948410285988
forward,0.7000000000000001,44601,1.0178924469022779,0.9830226490295285
forward,0.8,50972,1.092258940064981,1.0906208075582227
forward,0.9,57344,1.164740997137187,1.2729094314766531
forward,1.0,63715,1.4080037927600515,4.165207656713396
spatial_block,0.1,33097,0.9057009278319224,0.29148085250518674
spatial_block,0.2,66193,0.9291947411553265,0.35733785132665286
spatial_block,0.30000000000000004,99289,0.9255748972261713,0.41029775161900617
spatial_block,0.4,132385,0.9464639487171531,0.4616663274504895
spatial_block,0.5,165481,0.9739783461854309,0.5172212842814968
spatial_block,0.6,198577,1.0059896845337022,0.5840815520611129
spatial_block,0.7000000000000001,231673,1.0693048544128265,0.6685361457192769
spatial_block,0.8,264769,1.1427733072162323,0.7878410964878773
spatial_block,0.9,297865,1.24183432784399,0.9743094237306664
spatial_block,1.0,330961,1.4051967455492058,4.341384441662606
whole_lme,0.1,33097,1.2700881095127656,0.3609995459821685
whole_lme,0.2,66193,1.3387352869578886,0.46192878524260794
whole_lme,0.30000000000000004,99289,1.3668556366761517,0.5543130902411364
whole_lme,0.4,132385,1.436553292965286,0.6511393443580178
whole_lme,0.5,165481,1.5032735887941697,0.7655959750432372
whole_lme,0.6,198577,1.5601361455592602,0.9179825616365377
whole_lme,0.7000000000000001,231673,1.5994409120042807,1.1457431138458523
whole_lme,0.8,264769,1.6243175701743295,1.5097149288099243
whole_lme,0.9,297865,1.661022198763639,1.9679312389246508
whole_lme,1.0,330961,1.7193935257578536,7.68776777295458
