scope,group,n,rmse,mae,bias,r2,background_rmse,skill_vs_background
all,all,75627,1.0711920379810311,0.565773685478821,0.10062556068382363,0.7855737872993735,1.8036430594110204,0.6472772416457779
grade,B,34617,0.8572114654483524,0.44642576253300276,0.04283511684835303,0.8550491612936809,1.590734633364556,0.709610794014911
grade,C,39702,1.1874249537396921,0.649679845130994,0.1558147744184921,0.7276670763527747,1.9285970047400178,0.6209213136988883
grade,D,1308,2.0247823072930706,1.1775662681277612,-0.045085730937981856,0.26252843512077073,2.867773754874521,0.5014980026064046
lme,-1,12943,1.026307238896351,0.49690554170916884,-0.008704466399082973,0.7825699857908344,1.8515462920644865,0.6927544263464829
lme,1,3205,0.4002771801766583,0.29205639889811436,0.08996199807368913,0.669378141619691,1.2690325764384731,0.9005107580266316
lme,2,4794,0.8142700002001636,0.43820153755741903,0.21826782277080128,0.439937012309647,1.5500453351634513,0.7240387723862721
lme,3,5007,0.5655835878026876,0.42441939857757466,0.3324455225115714,0.5056087262460116,1.3488739940032066,0.8241870610567885
lme,5,6665,2.0574232862767334,1.1785739710196015,0.23826638649297113,0.38437704146486307,2.6881693599012633,0.41422066237586863
lme,6,3785,0.593501925055041,0.38636513574309894,-0.11829677640668133,0.11455694833612673,1.0951316791259469,0.7062948378441855
lme,7,9487,1.2987857284432038,0.7836019092609265,0.3070808599630181,0.25997066743864816,2.332336275828216,0.6899064868175211
lme,8,1363,1.4819123435079211,0.9625709433820696,0.468680657987405,-0.029710188916741043,2.507052193248315,0.6506037173379471
lme,9,1654,1.388353402583412,0.6605121441424838,0.32891144374416015,0.07747651067664718,1.752333140248022,0.37227892607977586
lme,11,4809,0.8035986859665821,0.5351442075039372,0.4235099207259547,0.5938928184662146,1.6936093998274513,0.7748603819391825
lme,12,19308,0.477210925809431,0.3271284799405865,-0.13478479335040036,0.35290620257063166,1.2190753270733146,0.8467643999256089
lme,17,149,3.564514198999383,3.0146980498850056,-2.450754935023885,-0.7771219585997342,2.6314124191780097,-0.8349441827730706
lme,18,487,2.3341710350664604,1.8729578865631367,-0.11266335014723762,-1.5390897096471772,2.688188835794343,0.2460443416361845
lme,54,1874,1.4710059482309163,0.9354562892261674,0.24639817365671657,0.3080365121335218,2.405839628873331,0.6261516147450035
