year,month,grade,grid_months,fraction
2025,1,D,134169,0.953270430420758
2025,1,A,6577,0.04672956957924204
2025,2,D,134169,0.953270430420758
2025,2,A,6577,0.04672956957924204
2025,3,D,134169,0.953270430420758
2025,3,A,6577,0.04672956957924204
2025,4,D,134169,0.953270430420758
2025,4,A,6577,0.04672956957924204
2025,5,D,134169,0.953270430420758
2025,5,A,6577,0.04672956957924204
2025,6,D,135699,0.9537729483539037
2025,6,A,6577,0.04622705164609632
2025,7,D,135699,0.9537729483539037
2025,7,A,6577,0.04622705164609632
2025,8,D,135699,0.9537729483539037
2025,8,A,6577,0.04622705164609632
2025,9,D,135699,0.9537729483539037
2025,9,A,6577,0.04622705164609632
2025,10,D,135699,0.9537729483539037
2025,10,A,6577,0.04622705164609632
2025,11,D,135699,0.9537729483539037
2025,11,A,6577,0.04622705164609632
2025,12,D,135699,0.9537729483539037
2025,12,A,6577,0.04622705164609632
2026,1,D,134169,0.953270430420758
2026,1,A,6577,0.04672956957924204
