candidate,shrinkage,outer_scheme,n,rmse,mae,bias,skill_vs_background,background_rmse,normalized_rmse
catboost,none,cruise,359603,41.141047389178325,23.080175550985764,-0.3177949046908359,0.3774366715268447,52.14150666987487,0.789026823671512
catboost,none,forward,65923,54.12645306373929,28.945251049589352,-11.349955899265662,0.36133090219266306,67.72852488702038,0.7991677532329097
catboost,none,spatial_block,359603,49.38128337336501,28.184553870747735,4.851486168388213,0.17844472810959666,54.4808631077679,0.9063968622465566
catboost,none,whole_lme,359603,61.448044050310024,42.832417436653515,7.472163833147449,0.056650095149291535,63.266186674005276,0.9712620165798251
catboost,linear_2_5,cruise,359603,41.140770086413184,23.080063261926224,-0.3157550418074878,0.37744506401860656,52.14150666987487,0.7890215053985495
catboost,linear_2_5,forward,65923,54.14397269829533,28.9422809750288,-11.365528663821665,0.36091738682526575,67.72852488702038,0.7994264276184107
catboost,linear_2_5,spatial_block,359603,49.37855194580277,28.182821627717217,4.854251662720797,0.1785356109906615,54.4808631077679,0.9063467267052595
catboost,linear_2_5,whole_lme,359603,61.40890027269394,42.821769880069716,7.442827755892253,0.057851582292702375,63.266186674005276,0.970643300964519
catboost,quadratic_5,cruise,359603,42.006547132667535,23.589110718551918,-0.5260523430718798,0.35096694341410795,52.14150666987487,0.8056258787960402
catboost,quadratic_5,forward,65923,57.22873328021575,30.471099521528608,-12.923646966015966,0.2860216667435207,67.72852488702038,0.8449723860910954
catboost,quadratic_5,spatial_block,359603,47.85942440269162,27.562643478694383,3.7741043302080177,0.22830269460284114,54.4808631077679,0.8784630358741106
catboost,quadratic_5,whole_lme,359603,59.93683666268615,41.36638405329098,4.633929184713618,0.1024796191936137,63.266186674005276,0.9473755225919585
catboost,hard_4,cruise,359603,41.14149992046694,23.080341694216685,-0.316634993693356,0.377422975670633,52.14150666987487,0.7890355025785386
catboost,hard_4,forward,65923,54.12645306373929,28.945251049589352,-11.349955899265662,0.36133090219266306,67.72852488702038,0.7991677532329097
catboost,hard_4,spatial_block,359603,49.38150522241384,28.184860632406703,4.851179406729244,0.17843734629800356,54.4808631077679,0.9064009343011493
catboost,hard_4,whole_lme,359603,61.476586694682794,42.84932789548448,7.488148472605663,0.055773518692884605,63.266186674005276,0.9717131682277005
mlp_mse_standardized,none,cruise,359603,45.22720850810099,25.444847093102666,-0.9426046988749075,0.2476283650271971,52.14150666987487,0.8673935871176376
mlp_mse_standardized,none,forward,65923,58.64095514301121,31.196561653662062,-12.085493465285978,0.25034949617224744,67.72852488702038,0.8658235985625204
mlp_mse_standardized,none,spatial_block,359603,48.73267395210652,28.061672231245005,0.9035736756203132,0.19988479258653435,54.4808631077679,0.8944915915834344
mlp_mse_standardized,none,whole_lme,359603,72.00514312618942,46.42861510297538,5.2475592415967816,-0.2953398280685351,63.266186674005276,1.1381299697611584
mlp_mse_standardized,linear_2_5,cruise,359603,45.22106121444881,25.441481646599247,-0.9485616699451771,0.2478328762145714,52.14150666987487,0.8672756907612645
mlp_mse_standardized,linear_2_5,forward,65923,58.6597633237912,31.197237957044802,-12.09944968783147,0.24986854141044879,67.72852488702038,0.8661012981109952
mlp_mse_standardized,linear_2_5,spatial_block,359603,48.731302649899675,28.06062288597663,0.9118670978669994,0.1999298212797489,54.4808631077679,0.8944664212368462
mlp_mse_standardized,linear_2_5,whole_lme,359603,71.96020647061263,46.41106622185273,5.305691999577752,-0.2937235525079216,63.266186674005276,1.1374196905750849
mlp_mse_standardized,quadratic_5,cruise,359603,44.97339165324333,25.40464390716535,-0.9356069665981649,0.25604934690797054,52.14150666987487,0.862525740538814
mlp_mse_standardized,quadratic_5,forward,65923,59.83001745289692,31.988532072150537,-13.341978348786455,0.21963995459624386,67.72852488702038,0.8833798986867178
mlp_mse_standardized,quadratic_5,spatial_block,359603,48.021216485309225,27.567473755326017,1.205266615550995,0.22307632360500673,54.4808631077679,0.8814327407096886
mlp_mse_standardized,quadratic_5,whole_lme,359603,62.77956855084026,41.3619149099262,4.289276840718016,0.01532403683457928,63.266186674005276,0.9923084012369445
mlp_mse_standardized,hard_4,cruise,359603,45.223633993087276,25.443692605627312,-0.946318948956276,0.2477472871326024,52.14150666987487,0.8673250329993927
mlp_mse_standardized,hard_4,forward,65923,58.64095514301121,31.196561653662062,-12.085493465285978,0.25034949617224744,67.72852488702038,0.8658235985625204
mlp_mse_standardized,hard_4,spatial_block,359603,48.732900345630476,28.061990355887918,0.9032555509774006,0.19987735850556,54.4808631077679,0.8944957470521814
mlp_mse_standardized,hard_4,whole_lme,359603,72.04226305551606,46.45270410726302,5.281698414450339,-0.2966757136618092,63.266186674005276,1.1387166959616468
mlp_huber_30uatm,none,cruise,359603,45.43184104015955,24.709170403805047,-2.612625933242559,0.2408046844767453,52.14150666987487,0.8713181482806694
mlp_huber_30uatm,none,forward,65923,61.362200710912,32.722325402007705,-11.398297560783892,0.1791597952692282,67.72852488702038,0.9060023204886242
mlp_huber_30uatm,none,spatial_block,359603,50.20028034927032,27.3789647427953,-0.11150724404522015,0.15096747708226754,54.4808631077679,0.9214296082272005
mlp_huber_30uatm,none,whole_lme,359603,75.50582616274014,49.17490919169727,5.500686873850438,-0.42435292186261986,63.266186674005276,1.1934625766493978
mlp_huber_30uatm,linear_2_5,cruise,359603,45.427223246489696,24.70792613632867,-2.6054988904353453,0.24095900924426095,52.14150666987487,0.8712295855603958
mlp_huber_30uatm,linear_2_5,forward,65923,61.38257369053981,32.72624543251994,-11.404516099230147,0.17861464738712118,67.72852488702038,0.9063031240224645
mlp_huber_30uatm,linear_2_5,spatial_block,359603,50.197136266928695,27.37788133771796,-0.10852475362946566,0.15107382487753984,54.4808631077679,0.9213718983789662
mlp_huber_30uatm,linear_2_5,whole_lme,359603,75.49063020341907,49.15533305835782,5.622921187958617,-0.423779661966486,63.266186674005276,1.1932223857967492
mlp_huber_30uatm,quadratic_5,cruise,359603,45.428574418902116,24.809660946614656,-2.1218351471873236,0.24091385524074538,52.14150666987487,0.8712554991271244
mlp_huber_30uatm,quadratic_5,forward,65923,61.20255997396679,32.64881450740015,-12.768803040001874,0.18342525760798778,67.72852488702038,0.9036452525145098
mlp_huber_30uatm,quadratic_5,spatial_block,359603,49.46209798875049,27.16960863062792,0.5756909548694732,0.1757535059767651,54.4808631077679,0.907880220085907
mlp_huber_30uatm,quadratic_5,whole_lme,359603,63.877615158655274,41.442152612974205,5.411502577970948,-0.019422160734921645,63.266186674005276,1.0096643802447038
mlp_huber_30uatm,hard_4,cruise,359603,45.43130365083951,24.709384921898945,-2.6077917702107403,0.2408226446136067,52.14150666987487,0.8713078419171912
mlp_huber_30uatm,hard_4,forward,65923,61.362200710912,32.722325402007705,-11.398297560783892,0.1791597952692282,67.72852488702038,0.9060023204886242
mlp_huber_30uatm,hard_4,spatial_block,359603,50.200501015711154,27.379292422390144,-0.11183492364006557,0.15096001284519733,54.4808631077679,0.9214336585749419
mlp_huber_30uatm,hard_4,whole_lme,359603,75.54744879756932,49.207909018970454,5.566706939147265,-0.4259237056043246,63.266186674005276,1.194120473655956
catboost_sss_oof,none,cruise,359603,41.052796958211275,22.98648982985406,-0.3402492848573573,0.38010469088267007,52.14150666987487,0.7873343058176303
catboost_sss_oof,none,forward,65923,54.090813788897584,29.6762685736172,-6.315577377026083,0.36217168183220894,67.72852488702038,0.7986415454806937
catboost_sss_oof,none,spatial_block,359603,49.49301576714738,27.728931633388274,4.559545433588554,0.1747227435863824,54.4808631077679,0.9084477180408443
catboost_sss_oof,none,whole_lme,359603,60.767653377596424,42.4154584879948,9.020451516388343,0.07742514262384093,63.266186674005276,0.960507604017875
catboost_sss_oof,linear_2_5,cruise,359603,41.05192835790397,22.986008399102097,-0.3352520227888572,0.3801309222529877,52.14150666987487,0.787317647298098
catboost_sss_oof,linear_2_5,forward,65923,54.104799504608664,29.67115127396885,-6.332150848795067,0.3618418055317659,67.72852488702038,0.7988480421633604
catboost_sss_oof,linear_2_5,spatial_block,359603,49.491968629904115,27.727285349669856,4.566130758186012,0.17475766444929552,54.4808631077679,0.9084284977645211
catboost_sss_oof,linear_2_5,whole_lme,359603,60.7429744630683,42.402390510439666,8.989358448070089,0.0781743413009135,63.266186674005276,0.960117523378824
catboost_sss_oof,quadratic_5,cruise,359603,41.90564404723836,23.498368994009258,-0.5584438575808681,0.3540812571097762,52.14150666987487,0.8036907010101733
catboost_sss_oof,quadratic_5,forward,65923,57.22314290662135,30.91804696687604,-9.668181501812127,0.2861611494978209,67.72852488702038,0.8448898451882229
catboost_sss_oof,quadratic_5,spatial_block,359603,48.08415777599004,27.25309783201082,3.637529309670323,0.22103836499135054,54.4808631077679,0.882588032441325
catboost_sss_oof,quadratic_5,whole_lme,359603,59.047368690646316,40.83464020205636,5.6139738791220735,0.12892052397611264,63.266186674005276,0.9333163858113107
catboost_sss_oof,hard_4,cruise,359603,41.05364818878793,22.98696953376617,-0.3371918522992152,0.38007898353256453,52.14150666987487,0.7873506312104128
catboost_sss_oof,hard_4,forward,65923,54.090813788897584,29.6762685736172,-6.315577377026083,0.36217168183220894,67.72852488702038,0.7986415454806937
catboost_sss_oof,hard_4,spatial_block,359603,49.49324032603445,27.72926919249446,4.559179221194387,0.1747152547009394,54.4808631077679,0.908451839834705
catboost_sss_oof,hard_4,whole_lme,359603,60.796557699087444,42.43098308498824,9.0358313807159,0.07654728275029599,63.266186674005276,0.9609644724180516
