candidate,shrinkage,mean_normalized_rmse,mean_skill
catboost_sss_oof,linear_2_5,0.8636779276512009,0.24872618338374067
catboost_sss_oof,none,0.8637327933392609,0.24860606473127556
catboost_sss_oof,hard_4,0.8638521222359657,0.24837830070400216
catboost_sss_oof,quadratic_5,0.866121241112758,0.24755032389376505
catboost,linear_2_5,0.8663594901716847,0.243687411031809
catboost,none,0.8664633639327008,0.24346559924459896
catboost,hard_4,0.8665793395850745,0.24324118571354603
catboost,quadratic_5,0.8691092058383012,0.24194273098852084
mlp_mse_standardized,quadratic_5,0.9049116952930412,0.17852241548595005
mlp_huber_30uatm,quadratic_5,0.9231113379930612,0.14516761452264412
mlp_mse_standardized,linear_2_5,0.9413157751710477,0.10097692159921184
mlp_mse_standardized,none,0.9414596867561877,0.10063070642936092
mlp_mse_standardized,hard_4,0.9415902686439354,0.10032460703715014
mlp_huber_30uatm,linear_2_5,0.9730317484396439,0.03671695488560894
mlp_huber_30uatm,none,0.973053163411473,0.0366447587414053
mlp_huber_30uatm,hard_4,0.9732160736591784,0.036254686780926915
