outer_scheme,retained_fraction,rmse,mae
cruise,0.1,5.9992084007048145,4.568695905603208
cruise,0.2,6.918318144211224,5.020104752592116
cruise,0.30000000000000004,7.8759458050821625,5.2380842359144335
cruise,0.4,8.174842261375053,5.387261341094384
cruise,0.5,8.4745782460579,5.5450894004655495
cruise,0.6,8.703457769539744,5.63281914220899
cruise,0.7000000000000001,8.803881322301871,5.689131444625525
cruise,0.8,9.00471367135212,5.803896705089645
cruise,0.9,9.128879707202447,5.942791596679351
cruise,1.0,9.538033253089516,6.139706270764251
forward,0.1,13.23076189937887,9.805406103992643
forward,0.2,13.859158097409281,9.533433636981043
forward,0.30000000000000004,13.67007899107988,9.625223471563768
forward,0.4,13.355447280159495,9.701996768201658
forward,0.5,13.731022187880152,9.846845544106296
forward,0.6,13.781745448243557,9.725384110349905
forward,0.7000000000000001,13.887234916107396,9.567331627036797
forward,0.8,13.795973202327492,9.35354893657039
forward,0.9,13.953836466844654,9.20478330968422
forward,1.0,13.571005438055195,9.03839006370594
spatial_block,0.1,7.45542490874365,4.931330380627007
spatial_block,0.2,7.83979992954887,5.156213892668425
spatial_block,0.30000000000000004,7.9114549092723925,5.335579957937637
spatial_block,0.4,8.199574428574,5.4565424823179525
spatial_block,0.5,9.452836071964137,5.7181854334651785
spatial_block,0.6,9.735647306995013,5.843261838969581
spatial_block,0.7000000000000001,9.678718568863207,5.882075425783477
spatial_block,0.8,9.568138366645004,5.935636111875688
spatial_block,0.9,9.568887759718798,6.040532623504596
spatial_block,1.0,10.03271265955621,6.2491181354714955
