outer_scheme,lme_id,n,rmse,mae,bias,skill_vs_background,background_rmse,q90_absolute_error,rmse_ratio,coverage50,coverage90,publishable_fraction
cruise,-1,64596,50.56270934550548,28.877384289012543,-0.17940259314630813,0.0,50.56270934550548,60.60134065677775,1.0,,,0.0
cruise,1,14742,49.88672259873399,37.237542573823696,0.9327941810197632,0.3774173219304532,63.2246532910738,80.1187938440926,0.7890390852610197,0.49993216659883327,0.8991317324650658,0.0
cruise,2,33266,65.59356371737398,40.9708866192719,-3.638255427065546,0.5421527843980829,96.93953634776267,97.97623591055091,0.6766440834012495,0.49600192388625025,0.8925028557686526,0.0
cruise,3,25033,53.87669487428298,29.08290132403554,2.230036454306372,0.36729367552628456,67.73292921798954,68.5476341766656,0.7954283905379009,0.49818239923301244,0.8976950425438421,0.0
cruise,4,67,67.81261076329295,63.334815450394345,-63.334815450394345,0.0,67.81261076329295,93.57174801171652,1.0,,,0.0
cruise,5,23173,42.26279180594738,24.8393531018999,-1.168783097812647,0.36180180753246205,52.90301181188108,57.427023531028006,0.7988730765694498,0.5002373451862081,0.8988046433349156,0.0
cruise,6,18264,19.9413436845193,11.396077348543413,0.7138591081955064,0.32918166018510087,24.34736434565532,25.850344874887803,0.8190350052439145,0.5000547525186159,0.900514673674989,1.0
cruise,7,38444,39.19558569281984,28.95444644032304,-0.4068104833753082,0.3809082114014335,49.81494286614655,63.22114826643969,0.7868238612285259,0.5010924981791697,0.8988138591197586,0.0
cruise,8,4804,34.66778145281499,24.382593334924707,-1.098784134214831,0.0,34.66778145281499,53.869689598312945,1.0,,,0.0
cruise,9,6593,34.0803465826687,25.94591737102031,0.9243595662177759,0.3151461119233938,41.181772950986385,55.28065681606373,0.8275589937138054,0.5017442742302441,0.8956468982253906,0.0
cruise,11,19981,32.623365936504115,21.061447249817387,-1.0899834004129638,0.46753895874835594,44.707959523612516,43.08072824972646,0.7296992813835326,0.4943696511686102,0.8942995846053751,0.0
cruise,12,78059,9.538033253089516,6.139706270764251,0.05196714818901676,0.36446982796697913,11.964395074641523,12.560618052280493,0.7972014626385359,0.4998911080080452,0.8998962323370784,0.9977324844028235
cruise,17,1669,74.70535996254966,52.30772615067482,2.511484694414214,0.0,74.70535996254966,129.36132832610048,1.0,,,0.0
cruise,18,23036,27.896520851549425,18.90813468676647,-0.6084671673298129,0.27849824395084133,32.84213234573957,44.15141164002641,0.8494125947083423,0.49743879145685016,0.89846327487411,0.0
cruise,54,6618,68.20783572541839,50.538558951376686,4.859816375444201,0.29152189461671163,81.03470446804717,110.80830565717693,0.8417114145497187,0.49531580537926867,0.8970988213961922,0.0
cruise,63,898,75.05543373966688,62.15569918570238,52.179955530981616,0.0,75.05543373966688,111.38364647651586,1.0,,,0.0
cruise,65,360,105.43654334308067,77.24069145009449,-36.31687069337547,0.0,105.43654334308067,178.70137393289315,1.0,,,0.0
forward,-1,10613,69.97409707553507,36.25782376920111,-17.28992665328874,0.0,69.97409707553507,80.80578172755999,1.0,,,0.0
forward,1,2266,79.68050578366275,65.74411313683747,53.68074675134542,-0.9303103208887276,57.35067262532334,130.80311045468864,1.3893560813876071,0.24933804060017653,0.6597528684907326,0.0
forward,2,9917,96.03278718339,59.62598757396863,-28.917751212465834,0.3498116045789349,119.09675450334706,152.01850819504799,0.8063426042452829,0.3917515377634365,0.8178884743369971,0.0
forward,3,5756,54.642730164480774,32.97538381003503,-17.0037064586194,0.2899833116726317,64.84822779868996,71.83828676643296,0.8426248799598598,0.37821403752605975,0.8941973592772758,0.0
forward,4,1,47.52346866579103,47.52346866579103,-47.52346866579103,0.0,47.52346866579103,47.52346866579103,1.0,,,0.0
forward,5,2909,76.29159433729768,50.59284883257484,-35.260426683035064,0.42325201482194874,100.45779649540897,123.06092392104033,0.7594392570693533,0.24750773461670678,0.7205225163286353,0.0
forward,6,3003,23.485888269037726,12.375079300053352,-5.645829586347853,0.3747255402177674,29.701039244131866,24.50388957105805,0.790742979597184,0.46253746253746253,0.9037629037629038,1.0
forward,7,5583,33.36201801664787,25.739184099082244,-3.9230644051648835,0.3403986181860875,41.07821221233722,51.92001293472508,0.8121584708749349,0.5063585885724521,0.9437578362887337,0.0
forward,8,273,32.617437304201076,27.90031576104925,-12.546123458411616,0.0,32.617437304201076,49.286012770745586,1.0,,,0.0
forward,9,539,45.67752588426524,39.46817640066095,-13.356633449180908,-0.16958666341991613,42.236348887769076,66.99881717292548,1.0814743008596719,0.22263450834879406,0.7699443413729128,0.0
forward,11,5254,38.76140723274226,21.764588532334894,-11.810214945100833,0.4454404867239241,52.05056592619542,47.5346955948841,0.7446875272730676,0.571374191092501,0.8890369242481918,0.0
forward,12,15252,13.571005438055195,9.038390063705942,-6.749413097706111,0.16058411869684674,14.812331866227218,20.09379451705501,0.9161964206998154,0.5227511146079202,0.8504458431681091,0.9967873065827433
forward,17,463,75.67927084606805,49.450727640421455,4.458737242513886,0.0,75.67927084606805,132.5162772113408,1.0,,,0.0
forward,18,2100,30.86646575218641,21.725513224914128,-10.478376468210016,0.2050109814038129,34.61834807206862,48.532222121069125,0.8916215669196137,0.4080952380952381,0.8766666666666667,0.0
forward,54,1802,68.06055114989135,54.04039054522764,26.76711774315682,0.22996205421437954,77.5602853607873,107.64540807363007,0.8775180600908568,0.43118756936736957,0.9051054384017758,0.0
forward,55,24,67.12995015886652,65.5289577622836,65.5289577622836,0.0,67.12995015886652,86.56434314216374,1.0,,,0.0
forward,63,97,68.82766502488523,60.55169396785844,52.607470325271606,0.0,68.82766502488523,97.49511688055638,1.0,,,0.0
forward,65,71,133.93267416445732,100.0938585342418,-38.763170343488504,0.0,133.93267416445732,252.09062559045663,1.0,,,0.0
spatial_block,-1,64596,50.79973344446637,29.099968574505183,0.0870431392290303,0.0,50.79973344446637,60.90885289671667,1.0,,,0.0
spatial_block,1,14742,55.18355609236458,42.05919750554308,12.370108178497084,0.2688657524593685,64.5373486780328,91.20862034801965,0.8550638850639357,0.4382037715371049,0.8608736942070275,0.0
spatial_block,2,33266,85.5902890914873,50.76086307072148,-4.898284865491749,0.2697111089305919,100.15604026613792,114.7701498103506,0.8545694185198813,0.42935730174953407,0.87434617928215,0.0
spatial_block,3,25033,54.89137674279961,30.3115123135459,1.5783784803613448,0.4069200121999136,71.27668428384887,69.111002569801,0.7701168663262001,0.4699796268925019,0.8988135660927575,0.0
spatial_block,4,67,45.108982742870054,40.15026504703414,-40.15026504703414,0.0,45.108982742870054,67.91896385100546,1.0,,,0.0
spatial_block,5,23173,60.35750608271881,31.96569560187058,7.872349303084412,-0.14960150565792807,56.29341878880713,77.52029142681356,1.0721947144329373,0.499633193803133,0.8532775212531826,0.0
spatial_block,6,18264,28.0097910015002,17.922976880430507,5.467074798704544,-0.11828321355148064,26.487072811854755,40.45383816046426,1.0574891080060733,0.31263688129653966,0.7916666666666666,1.0
spatial_block,7,38444,45.80250144454075,33.97909811046312,6.972981209784519,0.24637689914305783,52.76088793536522,71.84288544735539,0.8681146818577268,0.4239153053792529,0.8613567786910832,0.0
spatial_block,8,4804,34.42568945324125,24.028254446284095,-0.8163623477309526,0.0,34.42568945324125,55.97096190868273,1.0,,,0.0
spatial_block,9,6593,26.26774226960132,19.221861934915225,-5.298366514080203,0.6105284718730282,42.09057795674506,42.86671074342,0.6240765402792928,0.6526619141513726,0.9504019414530562,0.0
spatial_block,11,19981,30.72352270100736,19.876188471299965,-3.83113542090506,0.5378415129084231,45.19345491099495,45.230202081224206,0.6798223937850069,0.5518742805665382,0.8911966368049647,0.0
spatial_block,12,78059,10.03271265955621,6.2491181354714955,0.6473509801687769,0.29486471393842806,11.947640602084467,12.894002535927628,0.8397233390001566,0.49849472834650715,0.8938367132553581,0.9999615675322513
spatial_block,17,1669,74.37992489584377,51.8220965547568,10.353349334224548,0.0,74.37992489584377,138.21125828061892,1.0,,,0.0
spatial_block,18,23036,34.589688027294436,24.98647385077628,10.636422273510208,0.4322773691365993,45.90696077716784,54.96143635086587,0.7534737094706098,0.35483590901198125,0.8409446084389651,0.0
spatial_block,54,6618,75.81003554764557,57.60226669374292,-20.570442513566327,0.25053667202867447,87.569225103972,128.01379301582367,0.8657155005955048,0.44681172559685706,0.8614385010577214,0.0
spatial_block,63,898,62.06411264059309,51.25589441760093,17.4475725802414,0.0,62.06411264059309,99.78880111653939,1.0,,,0.0
spatial_block,65,360,100.96918409571629,71.42827912005995,-37.33972951741299,0.0,100.96918409571629,178.8437156162869,1.0,,,0.0
whole_lme,-1,64596,51.08420206932662,31.823162297658193,-1.8276155502391118,0.0,51.08420206932662,59.154210282978084,1.0,,,0.0
whole_lme,1,14742,86.15399034924732,71.36634260603948,28.733062553560885,0.0,86.15399034924732,137.29179061003384,1.0,,,0.0
whole_lme,2,33266,104.50192866792814,71.50385531625085,15.54748967353929,0.0,104.50192866792814,155.89368444649827,1.0,,,0.0
whole_lme,3,25033,68.17026137253848,43.63115145267311,-5.306798111393565,0.0,68.17026137253848,100.6028842107057,1.0,,,0.0
whole_lme,4,67,73.44033998870088,68.73051807948045,-68.73051807948045,0.0,73.44033998870088,99.22158243282274,1.0,,,0.0
whole_lme,5,23173,60.238867691311675,44.71234564124027,-22.366818455787428,0.0,60.238867691311675,82.00615925207481,1.0,,,0.0
whole_lme,6,18264,38.128584496513795,27.325292629584773,-17.51465844632992,0.0,38.128584496513795,56.013304069891376,1.0,,,0.0
whole_lme,7,38444,57.246647957470685,43.958596267956,5.352621987146211,0.0,57.246647957470685,91.01202488724432,1.0,,,0.0
whole_lme,8,4804,46.29326928444507,32.07446234364881,0.8798014184931511,0.0,46.29326928444507,82.42266795688278,1.0,,,0.0
whole_lme,9,6593,49.325076210925594,37.097871098998766,16.666327743526665,0.0,49.325076210925594,83.68718854799417,1.0,,,0.0
whole_lme,11,19981,55.490593109981084,39.543982176424386,-31.30055085857881,0.0,55.490593109981084,81.15914184094834,1.0,,,0.0
whole_lme,12,78059,30.950736838490645,24.81343166981259,-20.432691500919095,0.0,30.950736838490645,50.801696205164355,1.0,,,0.0
whole_lme,17,1669,76.29972305382742,53.46493093039028,6.471104201578801,0.0,76.29972305382742,141.7594293265222,1.0,,,0.0
whole_lme,18,23036,94.88977680964955,82.79230389953995,82.2935168287664,0.0,94.88977680964955,144.68380826974695,1.0,,,0.0
whole_lme,54,6618,92.23663004204036,72.84596949253033,40.65252796988659,0.0,92.23663004204036,156.61170212581115,1.0,,,0.0
whole_lme,63,898,72.21335887765002,59.37108091861297,48.17864242979459,0.0,72.21335887765002,107.3070209573398,1.0,,,0.0
whole_lme,65,360,105.29719385271449,75.13353064327929,-43.41805094476262,0.0,105.29719385271449,184.44041775169435,1.0,,,0.0
