candidate,Region,Type,R2,RMSE,MAE,MBE,region_key,n
Published v1.1,GStL & GB,Train,0.8942641862611804,15.082283376486169,9.74640369237554,-0.2504325295058678,GStL,
Published v1.1,GStL & GB,Test,0.9053907843029356,14.56235715920226,9.523158613588697,-0.3276268301758951,GStL,
Published v1.1,GStL & GB,Validation,0.6907332021153614,29.373388420196804,23.19457325698898,-7.784864671592712,GStL,
Published v1.1,GStL & GB,All,0.8784077627438269,16.60045449812513,10.783038932638858,-0.8675033641078913,GStL,
Published v1.1,SS,Train,0.8703435528576104,15.824940504939097,10.799402807599035,-0.6794761856705971,SS,
Published v1.1,SS,Test,0.893118496903615,14.0939906659212,10.244752078907,-2.006892551933222,SS,
Published v1.1,SS,Validation,0.3685815563342915,34.71368796593106,29.67542304887047,-1.9421856609245665,SS,
Published v1.1,SS,All,0.8268381368458239,18.267735915423383,12.532349609386433,-1.0459318543414404,SS,
Published v1.1,GoME,Train,0.7993751895672987,20.693396258655024,15.028324771193727,0.6027222047775908,GoMe,
Published v1.1,GoME,Test,0.81584228743485,19.52377590398696,14.245839059880012,1.732632585192271,GoMe,
Published v1.1,GoME,Validation,0.4115943196660179,34.77562801199589,25.4463363537773,10.019411058801438,GoMe,
Published v1.1,GoME,All,0.779430077495197,21.57184836572904,15.49329343628768,1.3808244544427049,GoMe,
Published v1.1,MAB,Train,0.854980762331043,18.71070966740768,13.275527826536605,0.2505645479425189,MAB,
Published v1.1,MAB,Test,0.8707527294859003,17.87008202423613,12.610603982022118,0.75325081613841,MAB,
Published v1.1,MAB,Validation,0.6503678420795578,33.443285077158635,26.333993176614666,9.741549524070251,MAB,
Published v1.1,MAB,All,0.8516923624111705,19.013036262695547,13.441508188080718,0.5641398464825934,MAB,
Published v1.1,SAB,Train,0.8660795245027182,12.123114056966031,7.26837826539418,0.160979296360795,SAB,
Published v1.1,SAB,Test,0.8692877260760147,11.899171618154773,7.321834349459592,0.059268220694368,SAB,
Published v1.1,SAB,Validation,0.6528509137799993,25.498164637716155,19.10932040945023,0.1744284910730226,SAB,
Published v1.1,SAB,All,0.8368019221918687,13.955221116625903,8.424569215768456,0.1442747314682704,SAB,
Published v1.1,GoMX,Train,0.7720684204081524,18.29390841565989,9.924544051167375,-0.0960554486302529,GoMx,
Published v1.1,GoMX,Test,0.7404432088053806,19.468318817651216,10.379330602753006,0.9017395735131908,GoMx,
Published v1.1,GoMX,Validation,0.5121728093349245,13.823075334634044,7.305953529745556,-3.6914902822694673,GoMx,
Published v1.1,GoMX,All,0.7639686105249994,18.42531558130573,9.94301714426761,0.0026361286526367,GoMx,
Published v1.1,NAACOM,Train,0.8383962117741784,17.792460907761562,11.319978599007102,0.053914599933828,Atlantic,
Published v1.1,NAACOM,Test,0.8415155307458314,17.641706522771837,11.157637609968562,0.593528212148714,Atlantic,
Published v1.1,NAACOM,Validation,0.5834736490062247,28.9745680040744,21.03223743463855,1.223111068825294,Atlantic,
Published v1.1,NAACOM,All,0.826809593297503,18.49830309038944,11.783660639730682,0.2164416782467877,Atlantic,
Global balanced,GStL & GB,Test,0.9118227464565504,14.386717642767696,10.314268118050704,-0.1439203418377427,,2279.0
Global balanced,SS,Test,0.927676407025366,12.655432477085268,8.968789292914336,0.4871845639481342,,782.0
Global balanced,GoME,Test,0.7341809675309026,25.905928807133357,19.06817911899596,0.6918154332878422,,4065.0
Global balanced,MAB,Test,0.7824291414579333,24.925123210656523,17.70727924652105,-0.3577163213028504,,5639.0
Global balanced,SAB,Test,0.8537182042640655,13.388748444158702,8.476735968718485,0.242452493044075,,2662.0
Global balanced,GoMX,Test,0.7568399359073362,24.15978224753444,13.87124260968383,-0.0521006128102171,,6983.0
Global balanced,NAACOM,Test,0.7991430114147495,22.536066133283857,14.605589663101211,0.0504079084193267,,22410.0
Global balanced,GStL & GB,Train,0.9253837051300948,13.424725740340186,9.67562930630704,-0.0608040639108558,,8946.0
Global balanced,SS,Train,0.9354621003868306,11.730018536192832,8.14341815687886,0.2415792038693253,,3031.0
Global balanced,GoME,Train,0.7816637954283949,23.7422721219032,17.74208339088431,-0.3798213830990265,,16916.0
Global balanced,MAB,Train,0.817702735706663,22.98843753356793,16.692938742746147,-0.060490841661755,,22758.0
Global balanced,SAB,Train,0.8791400986392341,12.361535331383134,7.78178391688799,0.1508722716249904,,10495.0
Global balanced,GoMX,Train,0.8047875082557157,21.6290484880253,12.714565562413355,-0.054950054324188,,27803.0
Global balanced,NAACOM,Train,0.8330609903700621,20.60844826283093,13.63480140184834,-0.0840232526157163,,89949.0
Global balanced,GStL & GB,Validation,0.7071302212474799,28.879898780219197,22.56459398702084,2.7156971013954085,,1008.0
Global balanced,SS,Validation,0.500015557656611,31.65695176671097,24.264626742097267,7.0381174396006125,,362.0
Global balanced,GoME,Validation,0.4844708197992634,36.82892519596527,25.801927501044936,0.6087506274596179,,1621.0
Global balanced,MAB,Validation,0.6270282013326556,36.361928713835496,28.52355276766205,12.471227973124895,,565.0
Global balanced,SAB,Validation,0.7560315510755601,23.09108406235408,16.177054879132825,-5.525529610524486,,1514.0
Global balanced,GoMX,Validation,0.5068661694599694,16.49903365320258,8.769562289352576,-0.4098744454109486,,998.0
Global balanced,NAACOM,Validation,0.6527421954644862,29.3529206720802,20.223091902481887,0.748771133226006,,6068.0
Regional experts,GStL & GB,Test,0.9309785123543048,12.728452143434613,8.94032569998515,-0.0695467087137785,,2279.0
Regional experts,SS,Test,0.93462716424942,12.0319399691033,8.263225937372773,0.1430877750694159,,782.0
Regional experts,GoME,Test,0.7771777869001926,23.71839912395551,17.037651674847435,0.8699677108981503,,4065.0
Regional experts,MAB,Test,0.8274010020170561,22.20015906088577,15.507662778526814,-0.2339793300148827,,5639.0
Regional experts,SAB,Test,0.8919357518536464,11.507629170294122,7.062645331750089,0.0479168037852402,,2662.0
Regional experts,GoMX,Test,0.7975803328301988,22.04312910488872,12.35788917126802,-0.1455652562085622,,6983.0
Regional experts,NAACOM,Test,0.835982496535909,20.36478050093792,12.879897874865796,0.0571833708774903,,22410.0
Regional experts,GStL & GB,Train,0.9461289558810276,11.406864392589007,7.978358978329568,-0.0120202221814495,,8946.0
Regional experts,SS,Train,0.9543043967870534,9.870257710364235,6.534436551711407,0.0063393562447788,,3031.0
Regional experts,GoME,Train,0.8307159372961348,20.905831068252727,15.354254584006336,-0.0540995064168592,,16916.0
Regional experts,MAB,Train,0.8675270109016741,19.596704620789986,14.071033569131776,0.0219635259827104,,22758.0
Regional experts,SAB,Train,0.9268010706332112,9.62019026003178,6.204931831311299,0.036795053365019,,10495.0
Regional experts,GoMX,Train,0.8507890193993373,18.90967235821845,10.92756309995868,-0.0574034880796468,,27803.0
Regional experts,NAACOM,Train,0.8754350625848906,17.801814982476,11.563010434307095,-0.019049069351554,,89949.0
Regional experts,GStL & GB,Validation,0.6670930253390265,30.79071927756337,24.641890664132717,2.176254599318234,,1008.0
Regional experts,SS,Validation,0.4630078448414179,32.80762707446132,25.529236556703303,6.274298256723623,,362.0
Regional experts,GoME,Validation,0.4487941270819949,38.08196386442788,27.674175624431083,-7.197929306913752,,1621.0
Regional experts,MAB,Validation,0.5923647751064203,38.01410468472796,29.850915682085287,9.600679578095608,,565.0
Regional experts,SAB,Validation,0.694501572452165,25.839373487998028,18.80461581262476,-6.892505527616774,,1514.0
Regional experts,GoMX,Validation,0.4754887094216575,17.01584536666294,9.573863459553497,0.3996497842521932,,998.0
Regional experts,NAACOM,Validation,0.6139357693322582,30.94960396177543,22.05522734731404,-1.947083342775964,,6068.0
Direct CatBoost,GStL & GB,Test,0.9145579026853772,14.161830313780186,9.979781072033244,-0.1065224053456243,,2279.0
Direct CatBoost,SS,Test,0.9066790610300284,14.37561867545179,10.378541395025556,0.1011119602642174,,782.0
Direct CatBoost,GoME,Test,0.8051288610411833,22.18093723791159,15.863600469727238,0.5912330798898316,,4065.0
Direct CatBoost,MAB,Test,0.8462050757232058,20.955978893596797,14.76062679097157,-0.3763470863802657,,5639.0
Direct CatBoost,SAB,Test,0.8561165049912244,13.278540104486144,8.127209097725098,0.2057891090818479,,2662.0
Direct CatBoost,GoMX,Test,0.808195533346427,21.45735811017221,11.816338483794771,-0.1771463638250612,,6983.0
Direct CatBoost,NAACOM,Test,0.8450620972894285,19.79308416309677,12.61618799947732,-0.0255134408485825,,22410.0
Direct CatBoost,GStL & GB,Train,0.9305013689547172,12.956172067460582,9.202449695111929,0.0534367166874934,,8946.0
Direct CatBoost,SS,Train,0.9070590277902436,14.076506667457007,9.691083200484115,-0.0700923734663422,,3031.0
Direct CatBoost,GoME,Train,0.8656805129412394,18.62211106026648,13.8807821995559,-0.0324090278121203,,16916.0
Direct CatBoost,MAB,Train,0.8917617292912627,17.713721048686644,12.831930362393267,-0.0307804967944303,,22758.0
Direct CatBoost,SAB,Train,0.8894719383020384,11.82136355181268,7.172408140820444,0.1340662105687743,,10495.0
Direct CatBoost,GoMX,Train,0.8806666965009189,16.910811298782722,9.848055439722716,-0.0156738484075952,,27803.0
Direct CatBoost,NAACOM,Train,0.8928197160041828,16.51291812904557,10.979722730177029,-0.0001322294229477,,89949.0
Direct CatBoost,GStL & GB,Validation,0.7386943643599242,27.27927195145101,22.03017934684097,1.8437281337311275,,1008.0
Direct CatBoost,SS,Validation,0.59898956500012,28.35101984634676,22.579634215094675,2.4114434282373134,,362.0
Direct CatBoost,GoME,Validation,0.4333583268675183,38.61150003753486,27.03981124776696,2.168581787217495,,1621.0
Direct CatBoost,MAB,Validation,0.6440741507035057,35.52128584896718,26.16428398524966,6.938595414192311,,565.0
Direct CatBoost,SAB,Validation,0.6391682431701243,28.08211840653997,19.90977646205432,-5.939558748261896,,1514.0
Direct CatBoost,GoMX,Validation,0.5212943880045463,16.255875671646244,7.959290436549028,-2.76072711202984,,998.0
Direct CatBoost,NAACOM,Validation,0.6261631510235155,30.455544397561415,20.942876775049847,-0.2604976329520748,,6068.0
v1 RF replica,GStL & GB,Test,0.9645761219538392,9.118669772863091,5.444232850040593,-0.003609133814273,,2279.0
v1 RF replica,SS,Test,0.9449541656624002,11.040766463420994,6.694824847703496,0.5474740123179666,,782.0
v1 RF replica,GoME,Test,0.870932877877189,18.05152696632335,11.657351294260623,0.8131204483388823,,4065.0
v1 RF replica,MAB,Test,0.9003685755747692,16.86689420094273,10.501302535766309,-0.474949515939654,,5639.0
v1 RF replica,SAB,Test,0.9092357810871612,10.54634994027414,4.882772598725168,-0.0701262527607213,,2662.0
v1 RF replica,GoMX,Test,0.8686528105657322,17.756496625846605,8.186121660560588,-0.321988265956977,,6983.0
v1 RF replica,NAACOM,Test,0.8992056797171979,15.964402364055733,8.675072107095191,-0.061942274977369,,22410.0
v1 RF replica,GStL & GB,Train,0.9950669027705356,3.451822217422963,2.002946989424885,0.0278535769239643,,8946.0
v1 RF replica,SS,Train,0.990020685780472,4.612555805627593,2.4529704245400885,0.0664149372734718,,3031.0
v1 RF replica,GoME,Train,0.9827763434146488,6.668406696156389,4.281569794905687,0.0087296178533158,,16916.0
v1 RF replica,MAB,Train,0.98703587961223,6.130429556064232,3.8820373272629713,-0.0313161233357267,,22758.0
v1 RF replica,SAB,Train,0.9864408653426662,4.140447513289749,1.8693079246798447,-0.0402803181500892,,10495.0
v1 RF replica,GoMX,Train,0.9810166573850404,6.744813643443834,3.0811146124667923,-0.0254127493056617,,27803.0
v1 RF replica,NAACOM,Train,0.985914364071642,5.986246628300513,3.2397288853525943,-0.0138282021274344,,89949.0
v1 RF replica,GStL & GB,Validation,0.7245046112675861,28.01015771559714,21.951578882661444,3.871728452500842,,1008.0
v1 RF replica,SS,Validation,0.4055534241316605,34.5181303121853,29.549717906439064,7.983367162462096,,362.0
v1 RF replica,GoME,Validation,0.1272658734721002,47.91852018673157,36.0119163599785,14.894815778722494,,1621.0
v1 RF replica,MAB,Validation,0.4942993131369172,42.34047104767607,32.28820656948034,3.2504537228834653,,565.0
v1 RF replica,SAB,Validation,0.6161362953915521,28.964498601577308,20.027145080230454,-4.311306127214788,,1514.0
v1 RF replica,GoMX,Validation,0.2321379890940024,20.588167863052742,10.413118984805957,-1.08177217813516,,998.0
v1 RF replica,NAACOM,Validation,0.4918578661071533,35.50732185358211,24.74550641487153,4.147455143917003,,6068.0
