support,outer_scheme,region_key,Region,n,rmse,mae,q90_absolute_error,background_rmse,skill_vs_background
all,cruise,GStL,GStL & GB,9103,32.94466253873046,24.8918229873629,53.90614603100969,38.56577706975471,0.14575395488225795
all,cruise,GoMe,GoME,20287,46.451984415115525,33.059077903395085,72.11028810638135,56.07762122178188,0.17164845078927016
all,cruise,GoMx,GoMX,28273,39.02620595694056,21.96738966941557,50.882102188116065,48.487290728138525,0.1951250447100653
all,cruise,MAB,MAB,27742,36.306798176914285,26.553014545146592,57.59066782762892,43.71007454127991,0.16937231157942667
all,cruise,SAB,SAB,11167,24.455133395477386,15.313830471842325,33.343213101210225,30.959925314832034,0.210103605005739
all,cruise,SS,SS,3057,36.07890318703446,24.488202636079926,56.77087602294085,34.74383865471562,-0.03842593633900737
all,forward,GStL,GStL & GB,678,40.653621621049055,34.836535448521396,64.98048802268144,38.50157650490161,-0.055894986946144254
all,forward,GoMe,GoME,2707,37.311080348728005,28.269455742678424,58.59410298045657,40.78824836928745,0.08524926074485872
all,forward,GoMx,GoMX,4243,66.11613402695286,37.31650609112328,99.8673535304012,84.83870514799979,0.2206843101669892
all,forward,MAB,MAB,3576,33.82741099087858,25.058447267968987,52.93583368743725,42.09535264666931,0.19640984422172092
all,forward,SAB,SAB,935,28.68260714395863,18.89499310589456,45.27911602768162,32.88839255901603,0.12788054045239217
all,forward,SS,SS,145,40.942684753919245,31.537118518216303,68.0322724344768,36.35953337449337,-0.12605088553311883
all,spatial_block,GStL,GStL & GB,9103,28.32198125173759,20.65411057815022,47.00240958552178,38.92276042800479,0.27235424876597336
all,spatial_block,GoMe,GoME,20287,64.67885378819122,42.07830375097969,83.13788115486744,57.5610373261193,-0.12365684832510992
all,spatial_block,GoMx,GoMX,28273,45.123829861785815,24.87226785003903,60.539704740131654,51.513483364671906,0.12403846693209908
all,spatial_block,MAB,MAB,27742,74.82346777969036,55.550120837863936,112.06983052281198,47.375311509602795,-0.5793767976496351
all,spatial_block,SAB,SAB,11167,37.94029724820962,25.66661921669887,56.356951375082936,32.0132032639505,-0.18514529568909177
all,spatial_block,SS,SS,3057,29.675206973309532,19.6126610602709,43.381671420309985,34.15493116716027,0.13115892905554916
all,whole_lme,GStL,GStL & GB,9103,61.990843657418715,49.23600307563755,101.80060537889658,47.91072869859426,-0.2938822961220704
all,whole_lme,GoMe,GoME,20287,75.19007410083982,57.767986853782574,116.48119067142451,57.21630827413913,-0.3141371117581271
all,whole_lme,GoMx,GoMX,28273,49.89373111307344,34.165368270274975,65.18905600752359,56.51095330678937,0.11709627614653806
all,whole_lme,MAB,MAB,27742,75.38331170828104,57.99918072767207,127.87372054450643,55.131817356430325,-0.36732861935103034
all,whole_lme,SAB,SAB,11167,39.93185989343242,29.42611627062599,58.79204464829853,42.46892722584769,0.05973937883863356
all,whole_lme,SS,SS,3057,68.33295115086162,51.449755773402494,115.70910627461859,44.92754434372983,-0.5209589606781679
grade_AB,cruise,GStL,GStL & GB,535,25.922944967387654,18.28653639317056,38.634739666264736,31.353839644266113,0.1732130654011188
grade_AB,cruise,GoMe,GoME,4066,35.10110691864423,26.39091150907128,52.68888907113117,38.17466131098549,0.08051294462845149
grade_AB,cruise,GoMx,GoMX,8937,31.918138375388914,17.05973787986508,38.974588412369656,39.814668205856215,0.19833217721768748
grade_AB,cruise,MAB,MAB,4074,32.58514028205839,24.277254492145662,52.51675335260315,38.62849678000898,0.15644814066588653
grade_AB,cruise,SAB,SAB,878,13.58647043629309,9.337974178757637,19.120481328935895,17.371410836931922,0.21788330471074824
grade_AB,cruise,SS,SS,324,39.15987536763922,28.08428340068288,75.60469708043347,35.10317513308589,-0.11556505128590944
grade_AB,forward,GoMx,GoMX,111,12.78582987497613,11.772606180238723,17.437192385808714,18.479027277420837,0.3080896692761049
grade_AB,spatial_block,GStL,GStL & GB,524,26.354981173000656,17.70540081688401,47.321290723185534,35.79946747254251,0.26381639075457164
grade_AB,spatial_block,GoMe,GoME,1262,42.938946657563186,28.616975707611388,58.27091526265505,51.44145899064863,0.16528520963278048
grade_AB,spatial_block,GoMx,GoMX,7809,35.30565426663967,19.798500879052973,48.56461280088614,39.71627671020437,0.11105327107441243
grade_AB,spatial_block,MAB,MAB,685,43.54736997303355,33.90331449375285,72.05184498687177,50.4269276095204,0.13642626990401885
grade_AB,spatial_block,SAB,SAB,570,22.515036312083268,16.948864220806843,34.616963474860675,25.773461236323215,0.1264255853865589
grade_AB,spatial_block,SS,SS,429,25.282187353120882,18.141663923285325,43.75972283537622,31.907005015049005,0.20762894100538465
