boundary_deg_n,model,seeds,pooled_rmse_mean,pooled_rmse_sd,pooled_mae_mean,pooled_bias_mean,pooled_r2_mean,cruise_equal_rmse_mean,lme_macro_rmse_mean,regime_macro_rmse_mean,worst_lme_rmse_mean,model_label
26.0,carter_esper_oracle_insitu_sss,1,60.84496530611839,,32.10766301957203,18.65577989284951,0.563437530693413,64.58837271993582,26.075022665329307,41.282509306665474,68.81562124965495,Carter oracle
26.0,carter_esper_prior,1,93.65093191285143,,46.57254777292417,14.485243902240214,-0.0342399474957655,100.39492565254388,41.473801767502586,62.85224163124881,105.71877501399868,Carter/ESPER
26.0,carter_region_season_corrected,1,100.04172162685732,,49.810115685192905,38.64546760724849,-0.1802103407669248,106.48272244742898,39.37908276000606,62.66863654046102,113.30917543241962,Carter + band/season correction
26.0,global_ta_sss,1,96.67942620582797,,49.734093051173495,32.0120551147898,-0.1022122413094785,104.14038078988226,47.53106356241932,63.99481320667323,108.5377051219157,SAB TA-SSS
26.0,hierarchical_ta_sss,1,95.84771076652166,,45.70427473780723,31.233861244300595,-0.0833295532933522,102.62706735133928,38.53025407426854,60.69031449482,108.47996459323451,Hierarchical TA-SSS
26.0,lme_ta_sss,1,128.66485541270166,,77.23846546900175,10.72732695256732,-0.9521670323384605,136.21819068870118,54.89938982810779,91.26132329093689,145.37933645035807,Latitude-band TA-SSS
27.0,carter_esper_oracle_insitu_sss,1,62.92206319953482,,33.40739395615809,19.132589291938626,0.5633217023532334,64.38244675006754,27.981676968264303,42.16676058103999,68.81562124965495,Carter oracle
27.0,carter_esper_prior,1,97.10634382262452,,49.34292153613815,15.80399013231181,-0.0400420646635428,100.59609550012892,48.77112581161765,64.98710579532118,105.71877501399868,Carter/ESPER
27.0,carter_region_season_corrected,1,103.32562793521718,,51.35849197278447,39.39782748854124,-0.1775295267203467,106.08291846514324,42.69479895678939,62.54439973201946,113.09828143701893,Carter + band/season correction
27.0,global_ta_sss,1,99.14501763211346,,50.86316533800921,30.37749249511959,-0.0841702553616079,103.7940967559013,53.41001098582977,64.26047533993047,107.84140357935976,SAB TA-SSS
27.0,hierarchical_ta_sss,1,98.6249273485194,,46.74115413236609,30.57532836712775,-0.072825510522017,101.97062772185356,41.59287708765397,60.99172537446552,107.88420725181632,Hierarchical TA-SSS
27.0,lme_ta_sss,1,133.09249087109322,,80.8836532130612,9.3203954027357,-0.9537221739393684,136.38535636504892,62.79449420357936,92.0795144136337,145.37933645035807,Latitude-band TA-SSS
28.45,carter_esper_oracle_insitu_sss,1,63.75826322669306,,33.8422816704893,20.02287101091662,0.5613285419855409,64.27971403590138,30.132606859425508,42.57088073201477,68.81562124965495,Carter oracle
28.45,carter_esper_prior,1,98.46846934781829,,50.14719806905392,16.928004732456444,-0.0463110103890092,100.64916656133528,56.605141622315024,65.888536429167,105.71877501399868,Carter/ESPER
28.45,carter_region_season_corrected,1,104.7526359845354,,53.08520967430304,40.25457182894623,-0.184121705480968,105.86991384595436,51.95216339229446,63.61533844476128,112.98002133267376,Carter + band/season correction
28.45,global_ta_sss,1,97.9072005416325,,49.66939432389715,16.546370517304865,-0.0344170905581426,101.8486327361984,56.91689771921176,65.57139296700153,104.96755461263577,SAB TA-SSS
28.45,hierarchical_ta_sss,1,99.25475280999092,,47.33950300412956,29.28165781958316,-0.063087583039596,101.31295033781988,50.61273270992508,61.93362142555917,106.97647960884852,Hierarchical TA-SSS
28.45,lme_ta_sss,1,135.02305533216355,,82.60645217630304,9.184421881955776,-0.967352962060898,136.40782241898177,70.3874916651192,93.01429933592664,145.37933645035807,Latitude-band TA-SSS
30.5,carter_esper_oracle_insitu_sss,1,66.53826873992833,,36.04599678076303,22.140470904851707,0.5531580892118473,64.18926863750085,38.908839946922974,46.21898052802826,68.81562124965495,Carter oracle
30.5,carter_esper_prior,1,102.61243455265117,,52.57098134350932,20.7081632030178,-0.0627005126832382,100.79440760555605,71.59791492593814,70.60271792494991,105.71877501399868,Carter/ESPER
30.5,carter_region_season_corrected,1,103.58278250121424,,48.16708749098412,20.125631196838263,-0.0828942631718738,102.18388861618516,66.73508555542209,64.32247279553611,106.9602753765458,Carter + band/season correction
30.5,global_ta_sss,1,115.71725862728192,,76.16122988752511,-17.226723195076655,-0.3514723967233002,109.3522174104261,78.53051168911338,92.0107113349682,119.32806297754566,SAB TA-SSS
30.5,hierarchical_residual,3,73.7681251877711,2.905883314948011,48.00075720295282,-24.90115636363672,0.450209234206758,73.97596694267581,56.573688091483255,63.213261801674186,75.6843792211912,Hierarchical residual MLP
30.5,hierarchical_ta_sss,1,99.93704551070456,,47.29136015025067,10.797829511608242,-0.0080078605677651,98.6095766761406,66.45659133995217,66.23562500520642,103.11531251600891,Hierarchical TA-SSS
30.5,lme_ta_sss,1,140.8181891052985,,87.44235824388846,8.0669233646397,-1.0013747528256385,136.4100932164184,91.5561484255196,96.7838392566212,145.37933645035807,Latitude-band TA-SSS
