boundary_deg_n,stratum,group,n,cruises,model_rmse,carter_rmse,skill_vs_carter
26.0,lme,1,13,2,27.55984858464878,12.284505591042354,-4.033131644603408
26.0,lme,2,5,2,13.92462695308987,25.269078379525485,0.6963394788022774
26.0,lme,3,14,2,13.532439341129306,26.6195950150688,0.7415662138184766
26.0,lme,4,141,4,108.47996459323451,105.71877501399868,-0.0529186665496019
26.0,lme,5,10,1,29.154390899240223,37.4770548378776,0.3948304934907325
27.0,lme,2,5,2,15.095994311282375,25.269078379525485,0.6431015663086163
27.0,lme,3,14,2,14.276279874987695,26.6195950150688,0.712374611109618
27.0,lme,4,141,4,107.88420725181632,105.71877501399868,-0.0413854484441813
27.0,lme,5,10,1,29.11502691252945,37.4770548378776,0.3964635787060043
28.45,lme,3,14,2,16.117705152450444,26.6195950150688,0.6333906595214571
28.45,lme,4,141,4,106.97647960884852,105.71877501399868,-0.0239349323158852
28.45,lme,5,10,1,28.74401336847628,37.4770548378776,0.4117473341990851
30.5,lme,4,141,4,75.6843792211912,105.7187750139987,0.48695915383998845
30.5,lme,5,10,1,37.46299696177532,37.4770548378776,-0.0011194788634231688
