boundary_deg_n,check,passed
26.0,subregion_macro_improvement_vs_carter_ge_10pct,True
26.0,subregion_macro_improvement_vs_subregion_linear_ge_5pct,True
26.0,cruise_equal_improves_both,False
26.0,worst_subregion_degradation_le_10pct,True
26.0,supported_subregion_positive_skill_fraction_ge_80pct,False
26.0,safe_forward_skill_vs_carter_positive,False
26.0,coverage_90_between_85_and_95pct,True
26.0,support_bin_skill_vs_carter_positive,False
27.0,subregion_macro_improvement_vs_carter_ge_10pct,True
27.0,subregion_macro_improvement_vs_subregion_linear_ge_5pct,True
27.0,cruise_equal_improves_both,False
27.0,worst_subregion_degradation_le_10pct,True
27.0,supported_subregion_positive_skill_fraction_ge_80pct,False
27.0,safe_forward_skill_vs_carter_positive,False
27.0,coverage_90_between_85_and_95pct,True
27.0,support_bin_skill_vs_carter_positive,False
28.45,subregion_macro_improvement_vs_carter_ge_10pct,True
28.45,subregion_macro_improvement_vs_subregion_linear_ge_5pct,True
28.45,cruise_equal_improves_both,False
28.45,worst_subregion_degradation_le_10pct,True
28.45,supported_subregion_positive_skill_fraction_ge_80pct,False
28.45,safe_forward_skill_vs_carter_positive,False
28.45,coverage_90_between_85_and_95pct,True
28.45,support_bin_skill_vs_carter_positive,False
30.5,subregion_macro_improvement_vs_carter_ge_10pct,True
30.5,subregion_macro_improvement_vs_subregion_linear_ge_5pct,True
30.5,cruise_equal_improves_both,True
30.5,worst_subregion_degradation_le_10pct,True
30.5,supported_subregion_positive_skill_fraction_ge_80pct,True
30.5,safe_forward_skill_vs_carter_positive,False
30.5,coverage_90_between_85_and_95pct,False
30.5,support_bin_skill_vs_carter_positive,False
