panel,dimension,controlled
native_context,target_basis,1
native_context,resolution,1
native_context,period,1
native_context,support,0
native_context,split,0
native_context,calibration,0
native_context,uncertainty,0
common_grid,target_basis,1
common_grid,resolution,1
common_grid,period,1
common_grid,support,0
common_grid,split,0
common_grid,calibration,0
common_grid,uncertainty,0
common_support,target_basis,1
common_support,resolution,1
common_support,period,1
common_support,support,1
common_support,split,0
common_support,calibration,0
common_support,uncertainty,1
strict_method,target_basis,1
strict_method,resolution,1
strict_method,period,1
strict_method,support,1
strict_method,split,1
strict_method,calibration,1
strict_method,uncertainty,1
