target,scheme,tier,rmse_ceiling,min_improvement_fraction
fCO2,cruise,minimum,30.0,0.05
fCO2,cruise,competitive,25.0,0.1
fCO2,cruise,ideal,20.0,0.15
fCO2,spatial,minimum,40.0,0.05
fCO2,spatial,competitive,35.0,0.1
fCO2,spatial,ideal,30.0,0.15
fCO2,forward,minimum,40.0,0.05
fCO2,forward,competitive,35.0,0.1
fCO2,forward,ideal,30.0,0.15
SSS,cruise,minimum,1.0,0.05
SSS,cruise,competitive,0.8,0.1
SSS,cruise,ideal,0.6,0.15
SSS,spatial,minimum,1.2,0.05
SSS,spatial,competitive,1.0,0.1
SSS,spatial,ideal,0.8,0.15
SSS,forward,minimum,1.2,0.05
SSS,forward,competitive,1.0,0.1
SSS,forward,ideal,0.8,0.15
