region,model,folds,pooled_rmse_mean,pooled_rmse_sd,cruise_equal_rmse_mean,subregion_macro_rmse_mean,subregion_macro_rmse_sd,model_label
SAB,carter_esper_prior,5,76.84861068811276,36.23025449241021,72.98600280201242,74.73869266424387,37.2314122162299,Carter/ESPER
SAB,carter_region_season_corrected,5,83.55573664129267,41.27944323930484,77.79128597500981,76.57364732768156,43.45323375627259,Carter + subregion correction
SAB,global_ta_sss,5,88.59270166716301,33.22119668483536,108.47523597977036,99.36281891451189,37.12944900672471,Bight TA-SSS
SAB,hierarchical_ta_sss,5,79.87811235635928,40.85076718263655,71.8367142862559,73.2043206779359,44.475350809650195,Hierarchical TA-SSS
SAB,lme_ta_sss,5,93.3399606603112,34.11119266588341,111.810295200479,103.26225158808923,37.52111999375771,Subregion TA-SSS
MAB,carter_esper_prior,5,87.49342254636032,7.187817851436536,82.57269719221776,90.28783435848734,4.658700756985463,Carter/ESPER
MAB,carter_region_season_corrected,5,60.50345123651742,15.001063816478176,63.245670386422454,62.28643538209353,13.442131019579364,Carter + subregion correction
MAB,global_ta_sss,5,64.13105547294029,12.22001812364141,67.65832851668723,67.35327599320736,11.5907936577489,Bight TA-SSS
MAB,hierarchical_residual,5,64.58307036240248,17.348603208757854,63.35955562394948,63.97011321750227,14.193523576370792,Hierarchical residual MLP
MAB,hierarchical_ta_sss,5,60.22760284331027,14.864321861541423,63.003704337794304,62.04437664210341,13.434429770287478,Hierarchical TA-SSS
MAB,lme_ta_sss,5,69.07265033351084,18.73690428867518,70.31147556680118,69.73808585388983,14.663864237687138,Subregion TA-SSS
