region,model,seeds,pooled_rmse_mean,pooled_rmse_sd,pooled_mae_mean,pooled_bias_mean,pooled_r2_mean,cruise_equal_rmse_mean,lme_macro_rmse_mean,regime_macro_rmse_mean,worst_lme_rmse_mean,model_label
SAB,carter_esper_oracle_insitu_sss,1,63.75826322669306,,33.8422816704893,20.02287101091662,0.5613285419855409,64.27971403590138,30.132606859425508,42.57088073201477,68.81562124965495,Carter oracle (in-situ SSS)
SAB,carter_esper_prior,1,98.46846934781829,,50.14719806905392,16.928004732456444,-0.0463110103890092,100.64916656133528,56.605141622315024,65.888536429167,105.71877501399868,Carter/ESPER
SAB,carter_region_season_corrected,1,104.7526359845354,,53.08520967430304,40.25457182894623,-0.184121705480968,105.86991384595436,51.95216339229446,63.61533844476128,112.98002133267376,Carter + subregion correction
SAB,global_ta_sss,1,97.9072005416325,,49.66939432389715,16.546370517304865,-0.0344170905581426,101.8486327361984,56.91689771921176,65.57139296700153,104.96755461263577,Bight TA-SSS
SAB,hierarchical_ta_sss,1,99.25475280999092,,47.33950300412956,29.28165781958316,-0.063087583039596,101.31295033781988,50.61273270992508,61.93362142555917,106.97647960884852,Hierarchical TA-SSS
SAB,lme_ta_sss,1,135.02305533216355,,82.60645217630304,9.184421881955776,-0.967352962060898,136.40782241898177,70.3874916651192,93.01429933592664,145.37933645035807,Subregion TA-SSS
MAB,carter_esper_oracle_insitu_sss,1,21.679089004312505,,15.168978842795635,12.4034613642211,0.9155680487828404,27.74662827211964,22.005553594583755,20.04360006697456,23.7094575677134,Carter oracle (in-situ SSS)
MAB,carter_esper_prior,1,108.02043154304928,,91.09859628608456,78.78079633961163,-1.0962186716443432,110.4744956944648,111.78552271362604,158.2734229317833,120.73569195057895,Carter/ESPER
MAB,carter_region_season_corrected,1,75.53781385606626,,56.00876579624033,14.646624034470344,-0.0250701630649814,68.55165301257183,74.25795158943869,100.64893347659935,78.13398920990099,Carter + subregion correction
MAB,global_ta_sss,1,73.73645182230287,,54.968874016277375,13.506235478192185,0.0232369092680077,65.49730349858584,74.06563620518958,117.45402118379413,75.78464785375154,Bight TA-SSS
MAB,hierarchical_residual,3,43.12476004970939,3.6902001015685024,31.96405744660498,3.894935085876276,0.6642677875063575,38.06175889389535,43.27842547930652,53.13323401899482,48.68447307180016,Hierarchical residual MLP
MAB,hierarchical_ta_sss,1,74.96888656770196,,55.37390224765834,14.112201088170051,-0.009687293098016,67.44715679032089,73.41627516454433,100.5509663224395,77.89835245123471,Hierarchical TA-SSS
MAB,lme_ta_sss,1,73.52321032692804,,54.97540836750471,13.551224552850613,0.0288782234591381,71.93850160883754,76.79550851403773,110.23997943200948,86.80012500942335,Subregion TA-SSS
